date,net_inr_cr
2010-01-04,834.0
2010-01-05,701.6
2010-01-06,1061.9
2010-01-07,839.1
2010-01-08,302.1
2010-01-11,150.8
2010-01-12,4744.0
2010-01-13,-261.9
2010-01-14,-43.5
2010-01-15,-136.4
2010-01-18,-889.8
2010-01-19,294.7
2010-01-20,-451.5
2010-01-21,-32.3
2010-01-22,-569.5
2010-01-25,-2059.5
2010-01-27,-900.4
2010-01-28,-1919.8
2010-01-29,-2163.8
2010-02-01,197.5
2010-02-02,-48.8
2010-02-03,10.9
2010-02-04,485.7
2010-02-05,-42.5
2010-02-08,-1629.7
2010-02-09,-806.5
2010-02-10,-395.6
2010-02-11,-23.6
2010-02-15,350.9
2010-02-16,217.6
2010-02-17,257.0
2010-02-18,1223.9
2010-02-19,-28.9
2010-02-22,293.4
2010-02-23,39.6
2010-02-24,743.9
2010-02-25,615.8
2010-02-26,-243.7
2010-03-02,1094.4
2010-03-03,1534.7
2010-03-04,1013.4
2010-03-05,692.2
2010-03-08,1879.1
2010-03-09,2259.4
2010-03-10,1770.2
2010-03-11,418.2
2010-03-12,446.9
2010-03-15,388.9
2010-03-17,1352.8
2010-03-18,1171.4
2010-03-19,710.8
2010-03-22,393.5
2010-03-23,270.5
2010-03-25,485.5
2010-03-26,1094.0
2010-03-29,1079.2
2010-03-30,1032.4
2010-03-31,840.5
2010-04-05,1484.2
2010-04-06,970.5
2010-04-07,590.3
2010-04-08,417.7
2010-04-09,148.0
2010-04-12,257.7
2010-04-13,244.5
2010-04-15,607.8
2010-04-16,343.1
2010-04-19,363.7
2010-04-20,-475.7
2010-04-21,32.5
2010-04-22,264.8
2010-04-23,1747.7
2010-04-26,880.0
2010-04-27,565.8
2010-04-28,160.0
2010-04-29,-31.3
2010-04-30,790.0
2010-05-03,538.9
2010-05-04,-236.1
2010-05-05,104.5
2010-05-06,-1389.2
2010-05-07,-463.7
2010-05-10,-1589.9
2010-05-11,697.4
2010-05-12,148.3
2010-05-13,-165.9
2010-05-14,85.9
2010-05-17,-204.9
2010-05-18,-1031.6
2010-05-19,-439.0
2010-05-20,-1473.7
2010-05-21,-710.6
2010-05-24,-1476.8
2010-05-25,-881.9
2010-05-26,-1421.5
2010-05-28,-10.3
2010-05-31,483.6
2010-06-01,800.9
2010-06-02,-472.8
2010-06-03,-127.6
2010-06-04,493.3
2010-06-07,274.9
2010-06-08,-215.9
2010-06-09,436.6
2010-06-10,-1.7
2010-06-11,388.7
2010-06-14,895.7
2010-06-15,380.6
2010-06-16,693.1
2010-06-17,858.3
2010-06-18,544.2
2010-06-21,695.4
2010-06-22,1799.3
2010-06-23,1037.3
2010-06-24,369.7
2010-06-25,1238.4
2010-06-28,-284.1
2010-06-29,880.2
2010-06-30,-176.2
2010-07-02,537.0
2010-07-05,-232.1
2010-07-06,-216.2
2010-07-07,375.5
2010-07-08,35.2
2010-07-09,1190.9
2010-07-12,3465.6
2010-07-13,1115.5
2010-07-14,804.2
2010-07-15,646.6
2010-07-16,561.3
2010-07-19,759.6
2010-07-20,203.9
2010-07-21,372.4
2010-07-22,318.6
2010-07-23,188.4
2010-07-26,845.3
2010-07-27,472.5
2010-07-28,81.5
2010-07-29,653.3
2010-07-30,4438.4
2010-08-02,1040.2
2010-08-03,864.4
2010-08-04,677.3
2010-08-05,741.5
2010-08-06,167.4
2010-08-09,829.1
2010-08-10,-58.6
2010-08-11,613.7
2010-08-12,192.9
2010-08-13,449.4
2010-08-16,717.2
2010-08-17,558.4
2010-08-18,516.0
2010-08-20,2655.3
2010-08-23,713.9
2010-08-25,903.3
2010-08-26,-290.4
2010-08-27,156.6
2010-08-30,-32.8
2010-08-31,272.7
2010-09-01,538.4
2010-09-02,526.8
2010-09-03,147.9
2010-09-06,486.2
2010-09-07,1039.6
2010-09-08,201.3
2010-09-09,462.6
2010-09-13,1176.6
2010-09-14,2636.3
2010-09-15,1723.3
2010-09-16,2360.1
2010-09-17,1143.6
2010-09-20,1715.8
2010-09-21,1878.5
2010-09-22,3312.6
2010-09-23,1505.4
2010-09-24,582.6
2010-09-27,1338.7
2010-09-28,1307.2
2010-09-29,894.8
2010-10-01,4755.8
2010-10-04,1964.2
2010-10-05,1918.9
2010-10-06,970.2
2010-10-07,2285.4
2010-10-08,1700.8
2010-10-11,807.5
2010-10-12,1111.2
2010-10-13,700.1
2010-10-14,3100.4
2010-10-15,2894.3
2010-10-18,654.0
2010-10-19,815.7
2010-10-20,340.9
2010-10-21,811.1
2010-10-22,976.5
2010-10-25,1379.0
2010-10-26,1138.2
2010-10-27,698.7
2010-10-28,97.7
2010-10-29,-557.7
2010-11-01,963.8
2010-11-02,5517.6
2010-11-03,928.6
2010-11-04,1297.2
2010-11-08,6906.9
2010-11-09,748.6
2010-11-10,687.7
2010-11-11,107.6
2010-11-12,110.8
2010-11-15,-683.2
2010-11-16,526.4
2010-11-18,-16.8
2010-11-19,-218.8
2010-11-22,1443.4
2010-11-23,525.9
2010-11-24,-1396.2
2010-11-25,1775.5
2010-11-26,-532.1
2010-11-29,-671.9
2010-11-30,272.2
2010-12-01,1190.8
2010-12-02,446.4
2010-12-03,463.4
2010-12-06,542.2
2010-12-07,76.9
2010-12-08,-419.6
2010-12-09,-1297.8
2010-12-10,-1197.1
2010-12-13,-966.2
2010-12-14,-237.5
2010-12-15,94.3
2010-12-16,-10.0
2010-12-20,-113.5
2010-12-21,-32.5
2010-12-22,224.6
2010-12-23,-23.7
2010-12-24,-99.8
2010-12-27,35.5
2010-12-28,266.3
2010-12-29,149.4
2010-12-30,605.0
2010-12-31,2352.7
2011-01-03,616.7
2011-01-04,427.5
2011-01-05,779.3
2011-01-06,-92.3
2011-01-07,-213.8
2011-01-10,-964.5
2011-01-11,-1088.2
2011-01-12,-1123.6
2011-01-13,-98.2
2011-01-14,-112.6
2011-01-17,-694.6
2011-01-18,-53.7
2011-01-19,176.4
2011-01-20,-208.1
2011-01-21,-834.3
2011-01-24,37.6
2011-01-25,194.9
2011-01-27,428.3
2011-01-28,-1397.4
2011-01-31,-592.4
2011-02-01,-900.5
2011-02-02,-425.7
2011-02-03,-46.1
2011-02-04,661.8
2011-02-07,224.4
2011-02-08,0.7
2011-02-09,-531.6
2011-02-10,-284.6
2011-02-11,-845.5
2011-02-14,-434.4
2011-02-15,228.4
2011-02-17,175.6
2011-02-18,86.1
2011-02-21,244.5
2011-02-22,-38.7
2011-02-23,92.4
2011-02-24,-13.1
2011-02-25,-2249.8
2011-02-28,-529.4
2011-03-01,-69.3
2011-03-03,467.1
2011-03-04,280.9
2011-03-07,625.5
2011-03-08,2.7
2011-03-09,367.5
2011-03-10,206.6
2011-03-11,-37.1
2011-03-14,-216.3
2011-03-15,507.1
2011-03-16,219.4
2011-03-17,-124.5
2011-03-18,-404.8
2011-03-21,-454.8
2011-03-22,-67.9
2011-03-23,313.3
2011-03-24,393.3
2011-03-25,345.5
2011-03-28,1518.0
2011-03-29,481.7
2011-03-30,1500.4
2011-03-31,1043.5
2011-04-05,4087.3
2011-04-06,1562.7
2011-04-07,716.3
2011-04-08,383.3
2011-04-11,356.9
2011-04-13,-474.7
2011-04-15,203.1
2011-04-18,184.4
2011-04-19,-790.5
2011-04-20,2064.1
2011-04-21,462.8
2011-04-25,622.5
2011-04-26,-1270.4
2011-04-27,-148.7
2011-04-28,-475.7
2011-04-29,-270.0
2011-05-02,-194.8
2011-05-03,11.6
2011-05-04,-1251.8
2011-05-05,-700.0
2011-05-06,-622.8
2011-05-09,-351.3
2011-05-10,243.8
2011-05-11,100.8
2011-05-12,244.1
2011-05-13,-876.6
2011-05-16,-3706.4
2011-05-18,-242.3
2011-05-19,-259.9
2011-05-20,-7.1
2011-05-23,-75.1
2011-05-24,-138.1
2011-05-25,35.1
2011-05-26,-418.5
2011-05-27,1222.6
2011-05-30,253.7
2011-05-31,118.6
2011-06-01,1261.3
2011-06-02,689.6
2011-06-03,150.8
2011-06-06,537.6
2011-06-07,-423.0
2011-06-08,36.3
2011-06-09,174.8
2011-06-10,146.1
2011-06-13,-470.1
2011-06-14,-117.0
2011-06-15,-373.3
2011-06-16,-92.1
2011-06-17,-423.3
2011-06-20,-363.2
2011-06-21,-427.1
2011-06-22,-551.1
2011-06-23,-268.3
2011-06-24,483.7
2011-06-27,1021.8
2011-06-28,1790.9
2011-06-29,1016.1
2011-06-30,771.8
2011-07-04,2677.3
2011-07-05,1185.0
2011-07-06,860.6
2011-07-07,281.0
2011-07-08,750.0
2011-07-11,676.3
2011-07-12,474.3
2011-07-13,-917.4
2011-07-14,150.4
2011-07-15,337.6
2011-07-18,144.9
2011-07-19,-52.6
2011-07-20,417.5
2011-07-21,-31.1
2011-07-22,-171.9
2011-07-25,524.7
2011-07-26,240.2
2011-07-27,-42.3
2011-07-28,108.6
2011-07-29,417.1
2011-08-01,-618.9
2011-08-02,157.2
2011-08-03,-82.7
2011-08-04,-801.1
2011-08-05,-146.7
2011-08-08,-1609.6
2011-08-09,-1109.7
2011-08-10,-1960.7
2011-08-11,248.9
2011-08-12,93.8
2011-08-16,-404.5
2011-08-17,-210.2
2011-08-18,-407.6
2011-08-22,-1281.1
2011-08-23,-766.1
2011-08-24,-71.7
2011-08-25,-757.8
2011-08-26,-1494.0
2011-08-29,-96.6
2011-08-30,485.4
2011-09-02,678.1
2011-09-05,1178.1
2011-09-06,211.9
2011-09-07,568.8
2011-09-08,374.2
2011-09-09,29.4
2011-09-12,-219.8
2011-09-13,-779.6
2011-09-14,-369.6
2011-09-15,-9.2
2011-09-16,166.8
2011-09-19,394.6
2011-09-20,-4.0
2011-09-21,378.7
2011-09-22,333.7
2011-09-23,-1234.5
2011-09-26,-1189.8
2011-09-27,-1006.8
2011-09-28,88.7
2011-09-29,251.9
2011-10-03,-310.3
2011-10-04,-782.4
2011-10-05,-966.1
2011-10-07,-969.3
2011-10-10,491.3
2011-10-11,281.2
2011-10-12,183.1
2011-10-13,649.1
2011-10-14,665.8
2011-10-17,-83.3
2011-10-18,397.5
2011-10-19,-249.2
2011-10-20,17.3
2011-10-21,-430.9
2011-10-24,-178.2
2011-10-25,146.8
2011-10-28,454.5
2011-10-31,2360.3
2011-11-01,481.4
2011-11-02,33.5
2011-11-03,194.1
2011-11-04,77.9
2011-11-08,215.9
2011-11-09,503.4
2011-11-11,421.7
2011-11-14,212.6
2011-11-15,215.9
2011-11-16,-377.1
2011-11-17,-462.1
2011-11-18,-160.7
2011-11-21,-755.5
2011-11-22,-601.1
2011-11-23,-862.1
2011-11-24,-1070.7
2011-11-25,-1106.4
2011-11-28,-755.9
2011-11-29,-220.7
2011-11-30,-181.8
2011-12-01,139.8
2011-12-02,904.8
2011-12-05,712.0
2011-12-07,211.9
2011-12-08,79.4
2011-12-09,195.6
2011-12-12,-292.2
2011-12-13,-319.0
2011-12-14,-489.5
2011-12-15,-55.8
2011-12-16,-226.6
2011-12-19,-149.6
2011-12-20,-396.2
2011-12-21,-434.4
2011-12-22,-37.1
2011-12-23,-87.4
2011-12-26,272.0
2011-12-27,153.7
2011-12-28,363.7
2011-12-29,169.7
2011-12-30,-616.9
2012-01-02,-86.8
2012-01-03,-39.1
2012-01-04,325.7
2012-01-05,257.3
2012-01-06,549.3
2012-01-09,25.1
2012-01-10,12.4
2012-01-11,405.2
2012-01-12,497.5
2012-01-13,525.4
2012-01-16,364.5
2012-01-17,447.3
2012-01-18,1064.5
2012-01-19,961.3
2012-01-20,697.6
2012-01-23,997.3
2012-01-24,-12.8
2012-01-25,909.1
2012-01-27,1172.2
2012-01-30,1364.2
2012-01-31,-79.6
2012-02-01,645.0
2012-02-02,2092.7
2012-02-03,2134.9
2012-02-06,974.0
2012-02-07,1104.3
2012-02-08,692.3
2012-02-09,450.5
2012-02-10,1450.4
2012-02-13,343.3
2012-02-14,647.6
2012-02-15,1146.7
2012-02-17,2185.3
2012-02-21,594.6
2012-02-22,1494.6
2012-02-23,966.9
2012-02-24,376.9
2012-02-27,7598.1
2012-02-28,-542.5
2012-02-29,856.5
2012-03-01,650.5
2012-03-02,275.9
2012-03-05,602.0
2012-03-06,196.8
2012-03-07,-171.4
2012-03-09,-296.5
2012-03-12,1355.2
2012-03-13,1387.3
2012-03-14,907.4
2012-03-15,2074.9
2012-03-16,182.9
2012-03-19,918.7
2012-03-20,185.8
2012-03-21,195.6
2012-03-22,651.7
2012-03-26,330.2
2012-03-27,-94.3
2012-03-28,78.9
2012-03-29,249.0
2012-03-30,-1299.4
2012-04-03,1297.7
2012-04-04,369.2
2012-04-09,134.4
2012-04-10,-252.7
2012-04-11,-1039.2
2012-04-12,-371.4
2012-04-13,184.0
2012-04-16,171.7
2012-04-17,-551.6
2012-04-18,391.4
2012-04-19,282.9
2012-04-20,-68.2
2012-04-23,328.3
2012-04-24,-338.7
2012-04-25,-839.2
2012-04-26,-280.4
2012-04-27,-195.6
2012-04-30,-331.4
2012-05-02,540.7
2012-05-03,244.2
2012-05-04,91.2
2012-05-07,512.5
2012-05-08,-592.9
2012-05-09,-369.3
2012-05-10,-357.2
2012-05-11,342.4
2012-05-14,176.2
2012-05-15,404.1
2012-05-16,-135.9
2012-05-17,-481.6
2012-05-18,41.5
2012-05-21,-205.9
2012-05-22,-58.5
2012-05-23,-217.8
2012-05-24,-320.2
2012-05-25,-48.4
2012-05-28,-364.1
2012-05-29,179.3
2012-05-30,187.1
2012-05-31,85.5
2012-06-01,-634.7
2012-06-04,-138.4
2012-06-05,-574.2
2012-06-06,-629.6
2012-06-07,169.2
2012-06-08,740.7
2012-06-11,280.3
2012-06-12,214.1
2012-06-13,23.8
2012-06-14,272.3
2012-06-15,90.2
2012-06-18,392.0
2012-06-19,-592.9
2012-06-20,142.1
2012-06-21,252.4
2012-06-22,-238.7
2012-06-25,-119.2
2012-06-26,190.8
2012-06-27,86.2
2012-06-28,267.2
2012-06-29,-694.9
2012-07-03,3894.7
2012-07-04,560.3
2012-07-05,300.7
2012-07-06,456.3
2012-07-09,608.6
2012-07-10,335.5
2012-07-11,635.7
2012-07-12,251.0
2012-07-13,313.5
2012-07-16,379.6
2012-07-17,355.8
2012-07-18,570.7
2012-07-19,377.0
2012-07-20,214.8
2012-07-23,239.2
2012-07-24,321.8
2012-07-25,-211.4
2012-07-26,-249.1
2012-07-27,-930.4
2012-07-30,642.2
2012-07-31,1206.2
2012-08-01,928.0
2012-08-02,630.9
2012-08-03,180.1
2012-08-06,167.7
2012-08-07,569.9
2012-08-08,862.0
2012-08-09,1138.5
2012-08-10,317.4
2012-08-13,121.2
2012-08-14,361.5
2012-08-16,280.4
2012-08-17,134.9
2012-08-21,323.2
2012-08-22,212.1
2012-08-23,123.8
2012-08-24,396.6
2012-08-27,339.1
2012-08-28,632.2
2012-08-29,168.5
2012-08-30,414.7
2012-08-31,2501.1
2012-09-03,-146.3
2012-09-04,-47.1
2012-09-05,302.6
2012-09-06,-147.8
2012-09-07,136.9
2012-09-10,515.5
2012-09-11,727.0
2012-09-12,556.3
2012-09-13,580.0
2012-09-14,407.6
2012-09-17,2857.1
2012-09-18,2314.7
2012-09-20,1090.9
2012-09-21,-2.1
2012-09-24,2471.9
2012-09-25,1652.2
2012-09-26,4555.6
2012-09-27,805.5
2012-09-28,630.9
2012-10-01,1361.3
2012-10-03,231.7
2012-10-04,813.3
2012-10-05,974.3
2012-10-08,4007.5
2012-10-09,936.3
2012-10-10,653.0
2012-10-11,416.8
2012-10-12,987.5
2012-10-15,448.6
2012-10-16,166.9
2012-10-17,-87.6
2012-10-18,75.9
2012-10-19,127.8
2012-10-22,133.9
2012-10-23,332.3
2012-10-25,426.9
2012-10-29,-459.7
2012-10-30,-25.4
2012-10-31,-157.3
2012-11-01,269.9
2012-11-02,416.4
2012-11-05,782.0
2012-11-06,413.0
2012-11-07,232.8
2012-11-08,744.8
2012-11-09,307.6
2012-11-12,-23.3
2012-11-15,291.5
2012-11-16,183.5
2012-11-19,787.4
2012-11-20,686.1
2012-11-21,173.7
2012-11-22,262.6
2012-11-23,182.7
2012-11-26,500.9
2012-11-27,208.0
2012-11-29,1168.7
2012-11-30,1988.8
2012-12-03,1660.3
2012-12-04,789.9
2012-12-05,600.0
2012-12-06,957.2
2012-12-07,2139.8
2012-12-10,598.1
2012-12-11,785.6
2012-12-12,1409.9
2012-12-13,3019.5
2012-12-14,1317.9
2012-12-17,626.2
2012-12-18,948.8
2012-12-19,1369.4
2012-12-20,1567.2
2012-12-21,590.2
2012-12-24,973.5
2012-12-26,3963.3
2012-12-27,891.3
2012-12-28,-24.9
2012-12-31,904.5
2013-01-01,871.5
2013-01-02,817.9
2013-01-03,1391.7
2013-01-04,1439.5
2013-01-07,1251.5
2013-01-08,992.5
2013-01-09,898.1
2013-01-10,868.9
2013-01-11,281.7
2013-01-14,775.6
2013-01-15,1013.0
2013-01-16,1072.3
2013-01-17,1105.4
2013-01-18,621.4
2013-01-21,1193.2
2013-01-22,862.7
2013-01-23,1027.1
2013-01-24,814.7
2013-01-28,1694.9
2013-01-29,810.2
2013-01-30,1006.2
2013-01-31,1249.2
2013-02-01,1042.2
2013-02-04,2565.2
2013-02-05,888.1
2013-02-06,5018.5
2013-02-07,1342.7
2013-02-08,6354.1
2013-02-11,1527.7
2013-02-12,985.1
2013-02-13,1.6
2013-02-14,813.4
2013-02-15,519.8
2013-02-18,369.6
2013-02-20,-2.2
2013-02-21,454.6
2013-02-22,1154.9
2013-02-25,212.2
2013-02-26,266.0
2013-02-27,83.0
2013-02-28,842.7
2013-03-01,-1274.6
2013-03-04,915.4
2013-03-05,120.7
2013-03-06,304.3
2013-03-07,650.7
2013-03-08,694.4
2013-03-11,1366.9
2013-03-12,1006.7
2013-03-13,781.1
2013-03-14,302.8
2013-03-15,572.5
2013-03-18,1172.5
2013-03-19,535.4
2013-03-20,146.6
2013-03-21,-159.8
2013-03-22,411.2
2013-03-25,203.9
2013-03-26,806.9
2013-03-28,566.7
2013-04-02,1262.0
2013-04-03,-29.8
2013-04-04,-344.8
2013-04-05,-248.1
2013-04-08,-122.7
2013-04-09,-104.2
2013-04-10,-618.9
2013-04-12,164.5
2013-04-15,93.2
2013-04-16,-337.5
2013-04-17,638.9
2013-04-18,243.3
2013-04-22,1032.9
2013-04-23,821.3
2013-04-25,453.7
2013-04-26,1546.2
2013-04-29,303.4
2013-04-30,660.7
2013-05-02,993.2
2013-05-03,1613.1
2013-05-06,1061.0
2013-05-07,919.8
2013-05-08,1095.5
2013-05-09,1049.3
2013-05-10,792.8
2013-05-13,589.3
2013-05-14,480.8
2013-05-15,456.4
2013-05-16,1700.9
2013-05-17,1240.5
2013-05-20,958.3
2013-05-21,1034.5
2013-05-22,2582.4
2013-05-23,1629.9
2013-05-24,320.1
2013-05-27,-181.9
2013-05-28,387.8
2013-05-29,977.3
2013-05-30,970.7
2013-05-31,1497.0
2013-06-03,-497.0
2013-06-04,415.1
2013-06-05,265.1
2013-06-06,160.0
2013-06-07,-225.5
2013-06-10,634.6
2013-06-11,210.5
2013-06-12,-823.9
2013-06-13,-1044.2
2013-06-14,-552.4
2013-06-17,-309.8
2013-06-18,-103.8
2013-06-19,-562.4
2013-06-20,-458.7
2013-06-21,-2136.3
2013-06-24,-1747.3
2013-06-25,-1526.0
2013-06-26,-1320.5
2013-06-27,-561.6
2013-06-28,-842.8
2013-07-02,1211.4
2013-07-03,-6.5
2013-07-04,-585.5
2013-07-05,421.0
2013-07-08,-17.8
2013-07-09,-240.2
2013-07-10,167.2
2013-07-11,73.4
2013-07-12,-1313.3
2013-07-15,-5110.4
2013-07-16,-176.9
2013-07-17,-309.8
2013-07-18,-4.2
2013-07-19,-113.6
2013-07-22,399.6
2013-07-23,-380.7
2013-07-24,220.6
2013-07-25,-391.2
2013-07-26,-236.7
2013-07-29,289.4
2013-07-30,-209.1
2013-07-31,227.2
2013-08-01,177.1
2013-08-02,281.1
2013-08-05,440.3
2013-08-06,150.9
2013-08-07,356.6
2013-08-08,-252.9
2013-08-12,-338.6
2013-08-13,415.7
2013-08-14,76.3
2013-08-16,294.6
2013-08-19,-502.8
2013-08-20,-653.4
2013-08-21,-1364.8
2013-08-22,-748.7
2013-08-26,-1349.8
2013-08-27,-553.1
2013-08-28,-1366.3
2013-08-29,-1064.2
2013-08-30,79.4
2013-09-02,-100.1
2013-09-03,501.8
2013-09-04,-726.3
2013-09-05,102.6
2013-09-06,1104.0
2013-09-10,1280.1
2013-09-11,2704.5
2013-09-12,547.8
2013-09-13,957.8
2013-09-16,-78.7
2013-09-17,313.8
2013-09-18,351.4
2013-09-19,525.6
2013-09-20,3558.3
2013-09-23,1336.8
2013-09-24,-25.9
2013-09-25,31.2
2013-09-26,435.4
2013-09-27,408.2
2013-09-30,-170.6
2013-10-01,-524.5
2013-10-03,-86.3
2013-10-04,1166.0
2013-10-07,552.1
2013-10-08,800.5
2013-10-09,236.1
2013-10-10,324.2
2013-10-11,762.2
2013-10-14,993.6
2013-10-15,755.4
2013-10-17,1147.1
2013-10-18,820.4
2013-10-21,1723.5
2013-10-22,1001.6
2013-10-23,799.9
2013-10-24,645.7
2013-10-25,991.7
2013-10-28,700.0
2013-10-29,657.5
2013-10-30,1211.6
2013-10-31,1027.9
2013-11-01,1781.9
2013-11-05,227.4
2013-11-06,180.2
2013-11-07,285.4
2013-11-08,483.7
2013-11-11,356.2
2013-11-12,310.7
2013-11-13,376.7
2013-11-18,1597.7
2013-11-19,892.1
2013-11-20,968.4
2013-11-21,107.0
2013-11-22,-40.0
2013-11-25,16.7
2013-11-26,833.9
2013-11-27,-378.6
2013-11-28,-94.1
2013-11-29,210.8
2013-12-02,745.6
2013-12-03,794.4
2013-12-04,521.9
2013-12-05,167.7
2013-12-06,1297.7
2013-12-10,3375.2
2013-12-11,430.8
2013-12-12,982.4
2013-12-13,238.7
2013-12-17,-237.3
2013-12-18,1307.2
2013-12-19,1886.0
2013-12-20,2232.2
2013-12-23,837.6
2013-12-26,188.9
2013-12-27,783.8
2013-12-30,404.0
2013-12-31,128.9
2014-01-01,274.3
2014-01-02,7.4
2014-01-03,726.9
2014-01-06,-13.9
2014-01-07,-257.8
2014-01-08,-534.8
2014-01-09,168.5
2014-01-10,174.6
2014-01-13,100.2
2014-01-15,171.8
2014-01-16,772.5
2014-01-17,558.4
2014-01-20,150.4
2014-01-21,403.0
2014-01-22,12.6
2014-01-23,288.8
2014-01-24,469.9
2014-01-27,-195.6
2014-01-28,-1304.6
2014-01-29,-1339.3
2014-01-30,265.3
2014-01-31,-184.4
2014-02-03,-581.6
2014-02-04,-835.3
2014-02-05,-329.1
2014-02-06,80.3
2014-02-07,-2.3
2014-02-10,-253.4
2014-02-11,-437.7
2014-02-12,-199.3
2014-02-13,157.1
2014-02-14,388.8
2014-02-17,20.2
2014-02-18,519.8
2014-02-20,704.5
2014-02-21,218.9
2014-02-24,614.3
2014-02-25,281.5
2014-02-26,491.2
2014-02-28,566.4
2014-03-03,607.8
2014-03-04,203.1
2014-03-05,193.3
2014-03-06,770.9
2014-03-07,1299.8
2014-03-10,2672.7
2014-03-11,-3743.2
2014-03-12,1519.3
2014-03-13,907.6
2014-03-14,636.6
2014-03-18,1403.9
2014-03-19,1254.8
2014-03-20,1120.8
2014-03-21,749.7
2014-03-24,4280.4
2014-03-25,1609.4
2014-03-26,1303.6
2014-03-27,1029.2
2014-03-28,2257.5
2014-04-02,2882.2
2014-04-03,1116.5
2014-04-04,893.5
2014-04-07,250.2
2014-04-09,740.3
2014-04-10,1059.2
2014-04-11,411.2
2014-04-15,-414.7
2014-04-16,-92.5
2014-04-17,-62.4
2014-04-21,408.1
2014-04-22,222.4
2014-04-23,187.0
2014-04-25,841.3
2014-04-28,257.2
2014-04-29,148.0
2014-04-30,754.9
2014-05-02,579.6
2014-05-05,464.5
2014-05-06,328.5
2014-05-07,76.1
2014-05-08,148.1
2014-05-09,527.8
2014-05-12,1262.3
2014-05-13,1214.8
2014-05-15,3653.5
2014-05-16,1168.4
2014-05-19,3695.1
2014-05-20,1419.1
2014-05-21,15.6
2014-05-22,-216.4
2014-05-23,-112.9
2014-05-26,514.6
2014-05-27,-24.7
2014-05-28,-223.4
2014-05-29,-43.7
2014-05-30,-440.7
2014-06-02,3085.5
2014-06-03,290.97
2014-06-04,657.42
2014-06-05,175.84
2014-06-06,1419.43
2014-06-09,3425.95
2014-06-10,583.02
2014-06-11,771.77
2014-06-12,-51.11
2014-06-13,2493.97
2014-06-16,1250.17
2014-06-17,-143.06
2014-06-18,67.49
2014-06-19,326.55
2014-06-20,-435.61
2014-06-23,-209.48
2014-06-24,-184.79
2014-06-25,37.43
2014-06-26,724.37
2014-06-27,-521.92
2014-06-30,226.85
2014-07-02,2257.78
2014-07-03,-4126.29
2014-07-04,5292.83
2014-07-07,995.22
2014-07-08,783.49
2014-07-09,483.85
2014-07-10,824.59
2014-07-11,993.97
2014-07-14,1296.13
2014-07-15,-543.0
2014-07-16,-0.56
2014-07-17,637.51
2014-07-18,1859.34
2014-07-21,588.59
2014-07-22,244.48
2014-07-23,372.31
2014-07-24,839.38
2014-07-25,366.33
2014-07-28,120.88
2014-07-30,113.02
2014-07-31,-289.43
2014-08-01,-1510.29
2014-08-04,-1112.19
2014-08-05,427.03
2014-08-06,11.83
2014-08-07,323.0
2014-08-08,1958.89
2014-08-11,-467.41
2014-08-12,-111.88
2014-08-13,364.13
2014-08-14,1266.54
2014-08-19,1183.12
2014-08-20,658.24
2014-08-21,305.6
2014-08-22,490.1
2014-08-25,297.9
2014-08-26,148.22
2014-08-27,665.03
2014-08-28,531.9
2014-09-01,-503.4
2014-09-02,555.79
2014-09-03,873.08
2014-09-04,1314.71
2014-09-05,1732.29
2014-09-08,327.3
2014-09-09,1136.15
2014-09-10,540.8
2014-09-11,216.77
2014-09-12,472.0
2014-09-15,248.72
2014-09-16,485.33
2014-09-17,-737.51
2014-09-18,178.51
2014-09-19,154.53
2014-09-22,112.37
2014-09-23,69.15
2014-09-24,-954.39
2014-09-25,-689.07
2014-09-26,-416.26
2014-09-29,-245.94
2014-09-30,231.59
2014-10-01,-157.13
2014-10-07,586.28
2014-10-08,-40.77
2014-10-09,-1189.54
2014-10-10,14.61
2014-10-13,-649.75
2014-10-14,-542.37
2014-10-16,-679.32
2014-10-17,-1097.11
2014-10-20,-1396.58
2014-10-21,1536.21
2014-10-22,115.5
2014-10-27,129.23
2014-10-28,64.96
2014-10-29,-71.13
2014-10-30,755.04
2014-10-31,1450.36
2014-11-03,1906.73
2014-11-05,1458.78
2014-11-07,1046.42
2014-11-10,2975.64
2014-11-11,381.61
2014-11-12,604.92
2014-11-13,456.53
2014-11-14,683.66
2014-11-17,675.52
2014-11-18,756.66
2014-11-19,15.11
2014-11-20,228.46
2014-11-21,-412.23
2014-11-24,269.51
2014-11-25,495.24
2014-11-26,1251.4
2014-11-27,220.57
2014-11-28,738.76
2014-12-01,2455.67
2014-12-02,397.95
2014-12-03,131.04
2014-12-04,409.09
2014-12-05,638.13
2014-12-08,131.89
2014-12-09,4984.53
2014-12-10,-222.71
2014-12-11,-42.87
2014-12-12,-613.21
2014-12-15,-803.93
2014-12-16,-397.71
2014-12-17,-1208.65
2014-12-18,-1610.85
2014-12-19,-817.72
2014-12-22,-602.34
2014-12-23,-289.94
2014-12-24,-406.19
2014-12-26,-1578.63
2014-12-29,419.15
2014-12-30,-218.16
2014-12-31,281.75
2015-01-01,555.04
2015-01-02,27.53
2015-01-05,263.28
2015-01-06,489.95
2015-01-07,-1534.23
2015-01-08,-1084.74
2015-01-09,-389.46
2015-01-12,-266.49
2015-01-13,259.77
2015-01-14,254.4
2015-01-15,-23.39
2015-01-16,1692.35
2015-01-19,1219.36
2015-01-20,416.92
2015-01-21,1320.25
2015-01-22,2130.09
2015-01-23,661.45
2015-01-27,2134.21
2015-01-28,1105.76
2015-01-29,1861.02
2015-01-30,1825.9
2015-02-02,5325.16
2015-02-03,-731.99
2015-02-04,-42.45
2015-02-05,-19.51
2015-02-06,170.65
2015-02-09,-41.16
2015-02-10,-591.39
2015-02-11,-902.59
2015-02-12,-372.77
2015-02-13,-278.77
2015-02-16,378.34
2015-02-18,-1.98
2015-02-20,3958.19
2015-02-23,26.15
2015-02-24,751.17
2015-02-25,1061.88
2015-02-26,290.04
2015-02-27,2496.56
2015-03-02,2742.49
2015-03-03,489.31
2015-03-04,753.22
2015-03-05,2876.63
2015-03-09,1407.97
2015-03-10,937.35
2015-03-11,-627.94
2015-03-12,-329.67
2015-03-13,889.38
2015-03-16,130.83
2015-03-17,-697.62
2015-03-18,333.07
2015-03-19,-462.34
2015-03-20,1488.46
2015-03-23,410.42
2015-03-24,508.45
2015-03-25,763.64
2015-03-26,618.59
2015-03-27,-419.41
2015-03-30,-12.57
2015-03-31,277.86
2015-04-06,1146.43
2015-04-07,1014.72
2015-04-08,258.33
2015-04-09,-266.95
2015-04-10,239.29
2015-04-13,455.4
2015-04-15,458.72
2015-04-16,-110.9
2015-04-17,-211.27
2015-04-20,-665.36
2015-04-21,-1422.23
2015-04-22,16357.75
2015-04-23,-853.18
2015-04-24,-84.75
2015-04-27,-722.32
2015-04-28,-1600.54
2015-04-29,-1519.35
2015-04-30,-752.86
2015-05-05,-3018.37
2015-05-06,-448.95
2015-05-07,-1774.02
2015-05-08,-1293.33
2015-05-11,-348.9
2015-05-12,313.29
2015-05-13,-1310.3
2015-05-14,-107.06
2015-05-15,352.99
2015-05-18,1748.63
2015-05-19,-40.73
2015-05-20,2.2
2015-05-21,233.89
2015-05-22,-176.78
2015-05-25,276.28
2015-05-26,3.71
2015-05-27,168.43
2015-05-28,-519.78
2015-05-29,170.32
2015-06-01,2308.51
2015-06-02,135.01
2015-06-03,-673.0
2015-06-04,-717.25
2015-06-05,602.51
2015-06-08,-479.13
2015-06-09,-735.85
2015-06-10,-678.9
2015-06-11,-487.6
2015-06-12,-584.74
2015-06-15,534.23
2015-06-16,-585.85
2015-06-17,-490.92
2015-06-18,-833.95
2015-06-19,-646.75
2015-06-22,-108.19
2015-06-23,703.91
2015-06-24,-312.44
2015-06-25,166.31
2015-06-26,328.2
2015-06-29,-120.27
2015-06-30,-668.28
2015-07-01,-495.44
2015-07-02,95.32
2015-07-03,574.58
2015-07-06,353.06
2015-07-07,2933.87
2015-07-08,295.7
2015-07-09,-338.27
2015-07-10,-251.12
2015-07-13,-338.41
2015-07-14,552.18
2015-07-15,305.22
2015-07-16,511.38
2015-07-17,754.67
2015-07-20,903.73
2015-07-21,789.92
2015-07-22,-159.1
2015-07-23,467.84
2015-07-24,305.99
2015-07-27,43.0
2015-07-28,-758.22
2015-07-29,-1310.16
2015-07-30,-119.67
2015-07-31,202.92
2015-08-03,-225.18
2015-08-04,430.11
2015-08-05,335.11
2015-08-06,727.01
2015-08-07,285.29
2015-08-10,119.97
2015-08-11,69.05
2015-08-12,-631.08
2015-08-13,-1794.31
2015-08-14,-490.97
2015-08-17,460.96
2015-08-19,19.38
2015-08-20,-289.82
2015-08-21,-958.59
2015-08-24,-2299.32
2015-08-25,-5142.17
2015-08-26,-1992.29
2015-08-27,-2425.84
2015-08-28,-3133.54
2015-08-31,58.96
2015-09-01,-556.98
2015-09-02,-680.4
2015-09-03,-1525.14
2015-09-04,-335.67
2015-09-07,-1117.76
2015-09-08,-802.75
2015-09-09,-634.58
2015-09-10,-418.03
2015-09-11,-37.53
2015-09-14,-498.08
2015-09-15,136.13
2015-09-16,3123.61
2015-09-18,-214.02
2015-09-21,768.3
2015-09-22,446.22
2015-09-23,-965.64
2015-09-24,-1287.64
2015-09-28,-86.33
2015-09-29,-677.71
2015-09-30,-1111.15
2015-10-01,222.47
2015-10-05,96.15
2015-10-06,800.83
2015-10-07,548.47
2015-10-08,-17.1
2015-10-09,-43.48
2015-10-12,488.39
2015-10-13,319.67
2015-10-14,322.79
2015-10-15,154.69
2015-10-16,402.13
2015-10-19,543.79
2015-10-20,1063.13
2015-10-21,626.38
2015-10-23,16.65
2015-10-26,269.1
2015-10-27,767.89
2015-10-28,68.38
2015-10-29,-536.52
2015-10-30,535.77
2015-11-02,-1362.94
2015-11-03,-6.78
2015-11-04,-373.22
2015-11-05,67.47
2015-11-06,-991.71
2015-11-09,1580.83
2015-11-10,-705.69
2015-11-13,-713.31
2015-11-16,-837.39
2015-11-17,-947.3
2015-11-18,-394.85
2015-11-19,-720.77
2015-11-20,-307.42
2015-11-23,-95.71
2015-11-24,-27.53
2015-11-26,-511.43
2015-11-27,-267.84
2015-11-30,-458.39
2015-12-01,-1917.58
2015-12-02,-145.35
2015-12-03,235.17
2015-12-04,-534.64
2015-12-07,-1803.75
2015-12-08,-42.12
2015-12-09,-442.49
2015-12-10,-452.1
2015-12-11,-383.85
2015-12-14,304.31
2015-12-15,-63.62
2015-12-16,-45.23
2015-12-17,-392.63
2015-12-18,751.41
2015-12-21,82.79
2015-12-22,287.07
2015-12-23,613.59
2015-12-28,498.03
2015-12-29,590.03
2015-12-30,62.14
2015-12-31,-17.83
2016-01-01,1104.56
2016-01-04,280.54
2016-01-05,-574.88
2016-01-06,-245.06
2016-01-07,-113.69
2016-01-08,-943.98
2016-01-11,-677.74
2016-01-12,-1045.8
2016-01-13,-397.89
2016-01-14,282.45
2016-01-15,-1152.15
2016-01-18,-1034.87
2016-01-19,-1866.06
2016-01-20,-761.43
2016-01-21,-1195.85
2016-01-22,-1620.87
2016-01-25,-733.42
2016-01-27,122.42
2016-01-28,-169.76
2016-01-29,-382.96
2016-02-01,759.84
2016-02-02,404.68
2016-02-03,-65.97
2016-02-04,-317.33
2016-02-05,-177.58
2016-02-08,-467.49
2016-02-09,-39.07
2016-02-10,-636.14
2016-02-11,-505.21
2016-02-12,-1209.78
2016-02-15,-43.59
2016-02-16,-1123.05
2016-02-17,-788.71
2016-02-18,-293.69
2016-02-22,619.9
2016-02-23,-281.7
2016-02-24,811.27
2016-02-25,-520.61
2016-02-26,-1062.85
2016-02-29,-584.31
2016-03-01,-1706.26
2016-03-02,3017.25
2016-03-03,1708.23
2016-03-04,1109.37
2016-03-08,882.0
2016-03-09,774.16
2016-03-10,897.88
2016-03-11,1177.41
2016-03-14,438.58
2016-03-15,1260.06
2016-03-16,-27.41
2016-03-17,695.89
2016-03-18,939.21
2016-03-21,1887.85
2016-03-22,1480.07
2016-03-23,1130.31
2016-03-28,1066.43
2016-03-29,2249.28
2016-03-30,640.95
2016-03-31,1521.66
2016-04-04,4509.2
2016-04-05,405.41
2016-04-06,-930.6
2016-04-07,-514.95
2016-04-11,-32.78
2016-04-12,155.66
2016-04-13,428.27
2016-04-18,741.04
2016-04-20,1040.6
2016-04-21,-11.2
2016-04-22,943.4
2016-04-25,194.95
2016-04-26,240.4
2016-04-27,571.7
2016-04-28,438.69
2016-04-29,235.94
2016-05-02,-16.09
2016-05-03,348.97
2016-05-04,-747.68
2016-05-05,-30.83
2016-05-06,-327.99
2016-05-09,189.33
2016-05-10,295.28
2016-05-11,383.41
2016-05-12,-323.56
2016-05-13,51.25
2016-05-16,1601.51
2016-05-17,-96.51
2016-05-18,131.95
2016-05-19,-4.54
2016-05-20,340.71
2016-05-23,-692.37
2016-05-24,-35.96
2016-05-25,-801.45
2016-05-26,509.55
2016-05-27,720.35
2016-05-30,658.04
2016-05-31,389.52
2016-06-01,19.66
2016-06-02,343.56
2016-06-03,602.92
2016-06-06,1611.8
2016-06-07,65.21
2016-06-08,543.06
2016-06-09,540.58
2016-06-10,263.39
2016-06-13,219.1
2016-06-14,357.82
2016-06-15,-92.26
2016-06-16,-80.5
2016-06-17,-108.21
2016-06-20,53.31
2016-06-21,-527.59
2016-06-22,421.09
2016-06-23,-31.86
2016-06-24,228.08
2016-06-27,-577.49
2016-06-28,-69.07
2016-06-29,-215.3
2016-06-30,145.58
2016-07-01,1481.58
2016-07-04,-263.43
2016-07-05,149.08
2016-07-07,295.3
2016-07-08,-434.04
2016-07-11,635.2
2016-07-12,1073.22
2016-07-13,365.14
2016-07-14,323.66
2016-07-15,837.94
2016-07-18,1409.3
2016-07-19,577.12
2016-07-20,711.24
2016-07-21,483.12
2016-07-22,441.31
2016-07-25,518.46
2016-07-26,803.66
2016-07-27,718.44
2016-07-28,474.87
2016-07-29,2010.65
2016-08-01,208.78
2016-08-02,655.61
2016-08-03,247.1
2016-08-04,629.1
2016-08-05,549.42
2016-08-08,488.58
2016-08-09,1171.73
2016-08-10,321.29
2016-08-11,500.78
2016-08-12,640.94
2016-08-16,1272.93
2016-08-18,781.28
2016-08-19,255.29
2016-08-22,543.29
2016-08-23,-113.12
2016-08-24,6.25
2016-08-25,-32.57
2016-08-26,-305.09
2016-08-29,303.37
2016-08-30,557.51
2016-08-31,388.85
2016-09-01,923.02
2016-09-02,-381.94
2016-09-06,245.69
2016-09-07,1393.38
2016-09-08,864.21
2016-09-09,133.53
2016-09-12,-337.15
2016-09-14,-591.15
2016-09-15,-473.16
2016-09-16,346.04
2016-09-19,540.9
2016-09-20,964.33
2016-09-21,1105.71
2016-09-22,508.05
2016-09-23,401.99
2016-09-26,-247.71
2016-09-27,-143.61
2016-09-28,805.59
2016-09-29,974.5
2016-09-30,3411.03
2016-10-03,-183.83
2016-10-04,108.78
2016-10-05,503.72
2016-10-06,655.65
2016-10-07,360.55
2016-10-10,65.0
2016-10-13,-484.1
2016-10-14,-846.0
2016-10-17,-945.41
2016-10-18,-219.66
2016-10-19,373.88
2016-10-20,-295.54
2016-10-21,341.17
2016-10-24,-221.94
2016-10-25,-391.91
2016-10-26,-505.01
2016-10-27,-1512.78
2016-10-28,-1108.83
2016-11-01,-867.69
2016-11-02,-95.99
2016-11-03,-613.77
2016-11-04,73.03
2016-11-07,492.58
2016-11-08,191.5
2016-11-09,319.6
2016-11-10,-2044.52
2016-11-11,-629.87
2016-11-15,-1432.34
2016-11-16,-2325.7
2016-11-17,-1960.25
2016-11-18,-947.82
2016-11-21,-873.11
2016-11-22,-1241.01
2016-11-23,-674.6
2016-11-24,-1095.1
2016-11-25,-2038.3
2016-11-28,-461.29
2016-11-29,-1366.85
2016-11-30,-652.75
2016-12-01,-360.39
2016-12-02,-401.04
2016-12-05,-125.25
2016-12-06,-278.55
2016-12-07,206.19
2016-12-08,354.4
2016-12-09,743.18
2016-12-13,334.03
2016-12-14,-731.86
2016-12-15,-477.07
2016-12-16,-405.66
2016-12-19,254.86
2016-12-20,-554.06
2016-12-21,-621.37
2016-12-22,-1108.15
2016-12-23,-573.53
2016-12-26,-1460.65
2016-12-27,-1099.84
2016-12-28,-683.85
2016-12-29,-526.38
2016-12-30,-661.3
2017-01-02,-678.87
2017-01-03,-347.78
2017-01-04,-553.03
2017-01-05,-681.93
2017-01-06,-42.87
2017-01-09,-318.5
2017-01-10,-385.42
2017-01-11,-113.23
2017-01-12,-685.45
2017-01-13,-1.63
2017-01-16,-103.1
2017-01-17,-338.51
2017-01-18,185.74
2017-01-19,335.93
2017-01-20,473.62
2017-01-23,33.29
2017-01-24,-262.08
2017-01-25,110.5
2017-01-27,1234.08
2017-01-30,227.32
2017-01-31,735.32
2017-02-01,451.07
2017-02-02,74.78
2017-02-03,719.95
2017-02-06,603.82
2017-02-07,-442.44
2017-02-08,270.3
2017-02-09,-188.26
2017-02-10,599.07
2017-02-13,555.27
2017-02-14,317.85
2017-02-15,-16.43
2017-02-16,253.62
2017-02-17,-196.37
2017-02-20,8059.29
2017-02-22,-1953.62
2017-02-23,251.59
2017-02-27,688.02
2017-02-28,-145.33
2017-03-01,1034.07
2017-03-02,-97.21
2017-03-03,24.21
2017-03-06,1427.91
2017-03-07,420.46
2017-03-08,888.73
2017-03-09,3572.73
2017-03-10,1937.16
2017-03-14,344.01
2017-03-15,4309.49
2017-03-16,1418.11
2017-03-17,1424.24
2017-03-20,1600.02
2017-03-21,618.91
2017-03-22,1617.31
2017-03-23,210.57
2017-03-24,1096.87
2017-03-27,583.62
2017-03-29,7351.95
2017-03-30,680.06
2017-03-31,442.78
2017-04-03,3489.57
2017-04-05,584.4
2017-04-06,481.12
2017-04-07,440.37
2017-04-10,-141.74
2017-04-11,-635.79
2017-04-12,-724.78
2017-04-13,-495.6
2017-04-17,-312.26
2017-04-18,-67.27
2017-04-19,-812.15
2017-04-20,-564.82
2017-04-21,-109.24
2017-04-24,1250.68
2017-04-25,-226.89
2017-04-26,325.98
2017-04-27,-64.29
2017-04-28,-22.8
2017-05-02,-1113.53
2017-05-03,-333.24
2017-05-04,-93.47
2017-05-05,-140.16
2017-05-08,-248.25
2017-05-09,-581.35
2017-05-11,1364.92
2017-05-12,1434.88
2017-05-15,916.05
2017-05-16,384.73
2017-05-17,1044.19
2017-05-18,1162.98
2017-05-19,359.72
2017-05-22,3172.65
2017-05-23,894.88
2017-05-24,-366.08
2017-05-25,358.76
2017-05-26,789.2
2017-05-29,-316.1
2017-05-30,-807.6
2017-05-31,-171.77
2017-06-01,1131.84
2017-06-02,-450.81
2017-06-05,113.37
2017-06-06,-111.74
2017-06-07,-3133.63
2017-06-08,89.34
2017-06-09,2072.65
2017-06-12,-69.05
2017-06-13,-4.66
2017-06-14,4909.37
2017-06-15,86.11
2017-06-16,-610.2
2017-06-19,-694.11
2017-06-20,-171.55
2017-06-21,-294.71
2017-06-22,-88.59
2017-06-23,508.72
2017-06-27,488.17
2017-06-28,941.69
2017-06-29,-363.1
2017-06-30,-732.29
2017-07-03,1454.66
2017-07-04,-896.1
2017-07-05,-1158.53
2017-07-06,124.91
2017-07-07,606.18
2017-07-10,-419.86
2017-07-11,161.95
2017-07-12,160.62
2017-07-13,547.0
2017-07-14,-83.27
2017-07-17,535.54
2017-07-18,375.79
2017-07-19,375.85
2017-07-20,1016.88
2017-07-21,175.09
2017-07-24,-101.95
2017-07-25,-270.33
2017-07-26,321.13
2017-07-27,-192.56
2017-07-28,2439.16
2017-07-31,-11.45
2017-08-01,-1217.84
2017-08-02,-919.82
2017-08-03,567.91
2017-08-04,55.51
2017-08-07,-868.7
2017-08-08,-166.32
2017-08-09,1898.02
2017-08-10,-428.74
2017-08-11,-983.73
2017-08-14,-1829.43
2017-08-16,-1523.81
2017-08-18,-1927.42
2017-08-21,-1849.41
2017-08-22,-1789.36
2017-08-23,-727.63
2017-08-24,-915.12
2017-08-28,-556.98
2017-08-29,96.39
2017-08-30,218.58
2017-08-31,98.22
2017-09-01,443.91
2017-09-04,-745.45
2017-09-05,-846.53
2017-09-06,-226.36
2017-09-07,-1288.14
2017-09-08,-302.65
2017-09-11,-126.56
2017-09-12,-415.51
2017-09-13,-1232.99
2017-09-14,2586.29
2017-09-15,-931.29
2017-09-18,1185.0
2017-09-19,-78.82
2017-09-20,-1577.91
2017-09-21,-885.88
2017-09-22,-1049.43
2017-09-25,981.18
2017-09-26,-28.83
2017-09-27,-1656.32
2017-09-28,-518.24
2017-09-29,-4677.74
2017-10-03,1077.31
2017-10-04,-437.51
2017-10-05,-510.59
2017-10-06,-679.96
2017-10-09,-953.85
2017-10-10,-439.12
2017-10-11,-404.13
2017-10-12,869.54
2017-10-13,-296.8
2017-10-16,-1554.63
2017-10-17,174.26
2017-10-18,-252.28
2017-10-23,-1120.17
2017-10-24,333.79
2017-10-25,-1191.49
2017-10-26,6812.42
2017-10-27,1380.14
2017-10-30,192.62
2017-10-31,55.89
2017-11-01,-55.09
2017-11-02,1042.53
2017-11-03,1537.13
2017-11-06,448.39
2017-11-07,738.1
2017-11-08,678.8
2017-11-09,5987.49
2017-11-10,-667.24
2017-11-13,-27.72
2017-11-14,-135.73
2017-11-15,2680.94
2017-11-16,1830.78
2017-11-17,289.48
2017-11-20,1436.38
2017-11-21,-217.3
2017-11-22,-246.03
2017-11-23,-243.36
2017-11-24,1376.76
2017-11-27,107.55
2017-11-28,3003.88
2017-11-29,784.35
2017-11-30,-622.44
2017-12-04,-602.83
2017-12-05,3.85
2017-12-06,-1403.1
2017-12-07,-1123.99
2017-12-08,-962.82
2017-12-11,43.63
2017-12-12,-136.21
2017-12-13,800.63
2017-12-14,398.83
2017-12-15,464.85
2017-12-18,-870.05
2017-12-19,118.19
2017-12-20,-1276.2
2017-12-21,-1446.26
2017-12-22,-1308.91
2017-12-26,-1135.56
2017-12-27,1254.41
2017-12-28,438.52
2017-12-29,860.34
2018-01-01,532.86
2018-01-02,-11.3
2018-01-03,619.37
2018-01-04,113.16
2018-01-05,364.18
2018-01-08,892.34
2018-01-09,598.51
2018-01-10,-21.69
2018-01-11,-391.66
2018-01-12,-523.47
2018-01-15,-29.11
2018-01-16,152.74
2018-01-17,745.7
2018-01-18,808.95
2018-01-19,1917.92
2018-01-22,1087.84
2018-01-23,1543.82
2018-01-24,2481.46
2018-01-25,877.62
2018-01-29,1346.21
2018-01-30,643.85
2018-01-31,32.16
2018-02-01,-264.88
2018-02-02,1165.84
2018-02-05,1289.9
2018-02-06,-1083.43
2018-02-07,-1718.33
2018-02-08,-1001.09
2018-02-09,-2225.71
2018-02-12,-1393.7
2018-02-14,-1265.13
2018-02-15,-599.02
2018-02-16,-134.53
2018-02-20,1157.59
2018-02-21,-728.26
2018-02-22,-1220.75
2018-02-23,-2263.22
2018-02-26,851.6
2018-02-27,-1114.93
2018-02-28,-874.85
2018-03-01,-1718.11
2018-03-05,423.79
2018-03-06,-344.33
2018-03-07,749.21
2018-03-08,-604.79
2018-03-09,1160.48
2018-03-12,607.98
2018-03-13,1413.43
2018-03-14,4934.71
2018-03-15,-49.61
2018-03-16,-192.78
2018-03-19,1051.29
2018-03-20,513.43
2018-03-21,493.57
2018-03-22,-70.51
2018-03-23,72.26
2018-03-26,2630.8
2018-03-27,-510.45
2018-03-28,1093.92
2018-04-03,-258.12
2018-04-04,-474.98
2018-04-05,291.68
2018-04-06,535.9
2018-04-09,-90.75
2018-04-10,-1284.51
2018-04-11,-717.28
2018-04-12,443.97
2018-04-13,469.59
2018-04-16,-83.92
2018-04-17,-348.61
2018-04-18,-1139.76
2018-04-19,-877.76
2018-04-20,-646.57
2018-04-23,-124.09
2018-04-24,-257.47
2018-04-25,-547.79
2018-04-26,-99.8
2018-04-27,-341.94
2018-05-02,-915.69
2018-05-03,-346.45
2018-05-04,-89.71
2018-05-07,-1578.53
2018-05-08,-602.4
2018-05-09,363.61
2018-05-10,-689.88
2018-05-11,-171.15
2018-05-14,-305.47
2018-05-15,821.66
2018-05-16,-184.03
2018-05-17,-720.0
2018-05-18,-412.04
2018-05-21,-275.72
2018-05-22,-438.47
2018-05-23,-1427.57
2018-05-24,-262.22
2018-05-25,-584.88
2018-05-28,-2047.2
2018-05-29,379.48
2018-05-30,507.48
2018-05-31,-1080.85
2018-06-01,-515.54
2018-06-04,125.08
2018-06-05,2978.97
2018-06-06,134.22
2018-06-07,18.89
2018-06-08,-500.78
2018-06-11,17.04
2018-06-12,-1194.43
2018-06-13,-1321.64
2018-06-14,174.69
2018-06-15,-747.51
2018-06-18,-1644.13
2018-06-19,-406.71
2018-06-20,-1410.8
2018-06-21,-2373.72
2018-06-22,1306.73
2018-06-25,1240.85
2018-06-26,319.73
2018-06-27,-413.62
2018-06-28,59.19
2018-06-29,-677.74
2018-07-02,1738.4
2018-07-03,158.29
2018-07-04,-987.24
2018-07-05,1074.39
2018-07-06,250.86
2018-07-09,-1177.48
2018-07-10,-741.78
2018-07-11,258.71
2018-07-12,920.21
2018-07-13,-942.44
2018-07-16,-40.84
2018-07-17,-540.07
2018-07-18,-585.15
2018-07-19,-2.31
2018-07-20,-242.09
2018-07-23,335.15
2018-07-24,166.5
2018-07-25,53.96
2018-07-26,-624.41
2018-07-27,2775.67
2018-07-30,560.25
2018-07-31,-144.66
2018-08-01,903.72
2018-08-02,-275.94
2018-08-03,-552.54
2018-08-06,407.04
2018-08-07,447.42
2018-08-08,112.51
2018-08-09,916.93
2018-08-10,414.15
2018-08-13,1332.41
2018-08-14,-925.77
2018-08-16,-371.26
2018-08-20,-1335.66
2018-08-21,133.02
2018-08-23,426.61
2018-08-24,415.14
2018-08-27,-54.75
2018-08-28,435.84
2018-08-29,-48.86
2018-08-30,-1403.57
2018-08-31,798.97
2018-09-03,-2900.5
2018-09-04,1436.06
2018-09-05,1618.76
2018-09-06,-314.89
2018-09-07,-860.88
2018-09-10,137.78
2018-09-11,-962.08
2018-09-12,-1395.4
2018-09-14,-1076.9
2018-09-17,679.77
2018-09-18,95.66
2018-09-19,-1103.73
2018-09-21,-2185.78
2018-09-24,825.45
2018-09-25,-1057.94
2018-09-26,-3682.09
2018-09-27,-699.7
2018-09-28,621.71
2018-10-01,-1698.63
2018-10-03,-1608.05
2018-10-04,-1526.7
2018-10-05,-2260.82
2018-10-08,-5009.6
2018-10-09,-1170.3
2018-10-10,-823.4
2018-10-11,-1082.58
2018-10-12,-2754.59
2018-10-15,-1108.05
2018-10-16,-0.66
2018-10-17,-1082.45
2018-10-19,315.34
2018-10-22,-660.68
2018-10-23,-443.26
2018-10-24,-101.48
2018-10-25,-1837.01
2018-10-26,-1332.98
2018-10-29,-1393.99
2018-10-30,-1805.52
2018-10-31,-1535.76
2018-11-01,-400.42
2018-11-02,940.61
2018-11-05,-135.58
2018-11-06,81.95
2018-11-09,-271.4
2018-11-12,-2703.32
2018-11-13,2393.14
2018-11-14,933.08
2018-11-15,177.31
2018-11-16,1913.42
2018-11-19,854.37
2018-11-20,1054.42
2018-11-22,-4847.65
2018-11-26,1692.29
2018-11-27,1284.9
2018-11-28,676.37
2018-11-29,1142.07
2018-11-30,1195.33
2018-12-03,-158.23
2018-12-04,162.03
2018-12-05,27.28
2018-12-06,-360.83
2018-12-07,-53.39
2018-12-10,4745.17
2018-12-11,1794.58
2018-12-12,-2896.66
2018-12-13,-1473.09
2018-12-14,413.53
2018-12-17,762.31
2018-12-18,-202.38
2018-12-19,-340.65
2018-12-20,1015.6
2018-12-21,-629.96
2018-12-24,7.26
2018-12-26,-872.99
2018-12-27,-143.83
2018-12-28,1577.38
2018-12-31,-229.91
2019-01-01,-1001.84
2019-01-02,471.62
2019-01-03,-435.2
2019-01-04,-1057.7
2019-01-07,-409.57
2019-01-08,304.56
2019-01-09,-717.07
2019-01-10,477.79
2019-01-11,-307.59
2019-01-14,-625.14
2019-01-15,-865.46
2019-01-16,359.19
2019-01-17,-71.03
2019-01-18,891.75
2019-01-21,-1928.43
2019-01-22,850.15
2019-01-23,448.25
2019-01-24,-1067.27
2019-01-25,-194.71
2019-01-28,735.42
2019-01-29,-77.04
2019-01-30,-276.32
2019-01-31,233.63
2019-02-01,2755.63
2019-02-04,1206.67
2019-02-05,-895.15
2019-02-06,714.75
2019-02-07,1092.73
2019-02-08,398.93
2019-02-11,811.91
2019-02-12,-404.84
2019-02-13,1169.6
2019-02-14,-856.35
2019-02-15,-671.59
2019-02-18,-2669.83
2019-02-20,-1558.65
2019-02-21,1282.88
2019-02-22,-337.61
2019-02-25,12132.1
2019-02-26,1801.69
2019-02-27,1662.5
2019-02-28,-415.75
2019-03-01,864.48
2019-03-05,4165.21
2019-03-06,-1869.56
2019-03-07,1386.93
2019-03-08,1074.1
2019-03-11,1126.36
2019-03-12,3452.87
2019-03-13,3556.73
2019-03-14,2213.0
2019-03-15,1948.94
2019-03-18,3462.39
2019-03-19,2502.21
2019-03-20,2189.57
2019-03-22,1350.95
2019-03-25,1436.16
2019-03-26,-660.52
2019-03-27,889.78
2019-03-28,1369.48
2019-03-29,3521.48
2019-04-02,9551.8
2019-04-03,473.97
2019-04-04,-832.27
2019-04-05,-204.42
2019-04-08,669.91
2019-04-09,121.25
2019-04-10,1229.57
2019-04-11,1282.55
2019-04-12,1016.42
2019-04-15,605.6
2019-04-16,385.84
2019-04-18,1011.34
2019-04-22,1084.76
2019-04-23,107.91
2019-04-24,-166.9
2019-04-25,840.1
2019-04-26,3854.61
2019-04-30,161.41
2019-05-02,-912.33
2019-05-03,545.03
2019-05-06,-89.76
2019-05-07,308.24
2019-05-08,2810.66
2019-05-09,-767.72
2019-05-10,-549.4
2019-05-13,-1248.57
2019-05-14,-952.72
2019-05-15,-1958.01
2019-05-16,-1047.6
2019-05-17,-924.2
2019-05-20,-1127.35
2019-05-21,1606.81
2019-05-22,1560.43
2019-05-23,-741.37
2019-05-24,1439.86
2019-05-27,391.98
2019-05-28,2933.82
2019-05-29,4670.79
2019-05-30,-101.49
2019-05-31,2072.63
2019-06-03,993.81
2019-06-04,2351.08
2019-06-06,136.0
2019-06-07,-1565.88
2019-06-10,-384.88
2019-06-11,320.43
2019-06-12,301.72
2019-06-13,-643.57
2019-06-14,8.41
2019-06-17,-183.79
2019-06-18,-322.78
2019-06-19,66.12
2019-06-20,-22.58
2019-06-21,-179.24
2019-06-24,-1001.83
2019-06-25,56.67
2019-06-26,2419.91
2019-06-27,200.0
2019-06-28,45.92
2019-07-01,-568.84
2019-07-02,-863.03
2019-07-03,-1553.11
2019-07-04,-1281.19
2019-07-05,555.96
2019-07-08,599.59
2019-07-09,-329.85
2019-07-10,-876.83
2019-07-11,-459.66
2019-07-12,-176.81
2019-07-15,-722.52
2019-07-16,-189.95
2019-07-17,-358.48
2019-07-18,-85.86
2019-07-19,-1401.54
2019-07-22,-1083.82
2019-07-23,-1929.23
2019-07-24,-2745.72
2019-07-25,-1446.8
2019-07-26,535.1
2019-07-29,3013.15
2019-07-30,-373.93
2019-07-31,-675.36
2019-08-01,-1465.71
2019-08-02,-1166.87
2019-08-05,-2889.51
2019-08-06,-2170.96
2019-08-07,-1864.18
2019-08-08,-511.78
2019-08-09,-1065.59
2019-08-13,-746.34
2019-08-14,-560.13
2019-08-16,2024.82
2019-08-19,1318.46
2019-08-20,-265.04
2019-08-21,-408.25
2019-08-22,-1044.33
2019-08-23,-1289.92
2019-08-26,-1828.8
2019-08-27,-706.28
2019-08-28,-1060.2
2019-08-29,-1264.45
2019-08-30,-627.22
2019-09-03,574.82
2019-09-04,-3162.98
2019-09-05,-1260.07
2019-09-06,-415.56
2019-09-09,-1252.02
2019-09-11,297.8
2019-09-12,577.59
2019-09-13,2609.4
2019-09-16,-397.09
2019-09-17,-792.26
2019-09-18,-680.61
2019-09-19,-932.23
2019-09-20,-744.78
2019-09-23,592.64
2019-09-24,2804.28
2019-09-25,-747.05
2019-09-26,-352.32
2019-09-27,11130.33
2019-09-30,-302.0
2019-10-01,-298.82
2019-10-03,-1536.48
2019-10-04,-1111.87
2019-10-07,-877.54
2019-10-09,-367.74
2019-10-10,-683.02
2019-10-11,-79.82
2019-10-14,-568.12
2019-10-15,6153.26
2019-10-16,2169.56
2019-10-17,896.62
2019-10-18,1274.38
2019-10-22,107.75
2019-10-23,-1073.9
2019-10-24,-149.07
2019-10-25,-193.38
2019-10-29,-407.93
2019-10-30,1519.6
2019-10-31,7594.51
2019-11-01,1989.84
2019-11-04,1807.16
2019-11-05,81.1
2019-11-06,398.99
2019-11-07,1261.87
2019-11-08,894.84
2019-11-11,5334.01
2019-11-13,1579.98
2019-11-14,1518.87
2019-11-15,-431.03
2019-11-18,-1166.87
2019-11-19,-528.86
2019-11-20,-626.39
2019-11-21,427.96
2019-11-22,5006.08
2019-11-25,606.94
2019-11-26,1986.63
2019-11-27,4515.33
2019-11-28,-1053.51
2019-11-29,1627.69
2019-12-02,-751.15
2019-12-03,-1447.71
2019-12-04,-102.82
2019-12-05,195.45
2019-12-06,437.41
2019-12-09,-73.96
2019-12-10,733.37
2019-12-11,-181.93
2019-12-12,384.09
2019-12-13,-614.96
2019-12-16,117.49
2019-12-17,869.61
2019-12-18,1212.97
2019-12-19,1852.6
2019-12-20,836.43
2019-12-23,472.32
2019-12-24,2242.34
2019-12-26,-11.07
2019-12-27,131.48
2019-12-30,757.73
2019-12-31,278.71
2020-01-01,-1972.18
2020-01-02,359.03
2020-01-03,1088.24
2020-01-06,1301.97
2020-01-07,-18.99
2020-01-08,-612.9
2020-01-09,-344.75
2020-01-10,156.51
2020-01-13,658.56
2020-01-14,120.79
2020-01-15,-331.14
2020-01-16,63.28
2020-01-17,9731.96
2020-01-20,-1420.64
2020-01-21,1301.46
2020-01-22,1696.53
2020-01-23,28.75
2020-01-24,1497.17
2020-01-27,595.42
2020-01-28,-174.25
2020-01-29,-785.91
2020-01-30,-1442.25
2020-01-31,625.92
2020-02-03,-4375.56
2020-02-04,1850.57
2020-02-05,922.96
2020-02-06,530.45
2020-02-07,-100.98
2020-02-10,9943.68
2020-02-11,-502.85
2020-02-12,2157.43
2020-02-13,-663.01
2020-02-14,662.9
2020-02-17,-1142.05
2020-02-18,173.32
2020-02-20,1293.17
2020-02-24,840.85
2020-02-25,-1735.67
2020-02-26,-1838.21
2020-02-27,-3132.32
2020-02-28,-3064.85
2020-03-02,-3340.85
2020-03-03,-300.61
2020-03-04,-2328.89
2020-03-05,-789.43
2020-03-06,-2237.68
2020-03-09,-3480.85
2020-03-11,-7012.27
2020-03-12,-3483.72
2020-03-13,-1802.06
2020-03-16,-6741.02
2020-03-17,-4699.85
2020-03-18,-3662.96
2020-03-19,-5044.64
2020-03-20,-4581.68
2020-03-23,-3453.27
2020-03-24,-2640.13
2020-03-26,-3788.54
2020-03-27,10.98
2020-03-30,1029.38
2020-03-31,-3624.66
2020-04-03,-3801.61
2020-04-07,-2248.2
2020-04-08,1016.66
2020-04-09,2082.02
2020-04-13,1886.96
2020-04-15,-1062.7
2020-04-16,909.32
2020-04-17,-2590.75
2020-04-20,-967.03
2020-04-21,93.02
2020-04-22,-1830.85
2020-04-23,-791.23
2020-04-24,482.54
2020-04-27,-125.6
2020-04-28,-770.63
2020-04-29,49.21
2020-04-30,785.3
2020-05-04,2772.65
2020-05-05,-934.3
2020-05-06,-323.86
2020-05-08,17122.71
2020-05-11,2153.56
2020-05-12,648.97
2020-05-13,-1839.13
2020-05-14,131.05
2020-05-15,-2368.71
2020-05-18,-2510.58
2020-05-19,-2522.53
2020-05-20,-1334.16
2020-05-21,-1700.19
2020-05-22,-206.21
2020-05-26,-1130.57
2020-05-27,4782.19
2020-05-28,-168.44
2020-05-29,1996.32
2020-06-01,1204.69
2020-06-02,6933.09
2020-06-03,7890.19
2020-06-04,2161.97
2020-06-05,2624.19
2020-06-08,9.5
2020-06-09,1052.84
2020-06-10,476.7
2020-06-11,-370.57
2020-06-12,857.81
2020-06-15,494.9
2020-06-16,-2662.97
2020-06-17,-1479.14
2020-06-18,777.02
2020-06-19,556.61
2020-06-22,1236.67
2020-06-23,430.81
2020-06-24,129.55
2020-06-25,1090.41
2020-06-26,-520.88
2020-06-29,-957.86
2020-06-30,-103.91
2020-07-01,-1942.79
2020-07-02,-1685.16
2020-07-03,-331.25
2020-07-06,620.73
2020-07-07,475.99
2020-07-08,-1665.82
2020-07-09,-1059.46
2020-07-10,3377.31
2020-07-13,-934.29
2020-07-14,-84.07
2020-07-15,-1591.57
2020-07-16,-34.97
2020-07-17,-1202.38
2020-07-20,802.31
2020-07-21,1647.79
2020-07-22,2090.21
2020-07-23,1739.42
2020-07-24,2114.35
2020-07-27,3872.89
2020-07-28,39.45
2020-07-29,183.28
2020-07-30,-290.87
2020-07-31,1421.61
2020-08-03,-915.37
2020-08-04,7524.13
2020-08-05,875.78
2020-08-06,-218.86
2020-08-07,575.83
2020-08-10,1306.48
2020-08-11,1272.32
2020-08-12,11771.23
2020-08-13,3458.56
2020-08-14,496.92
2020-08-17,-187.73
2020-08-18,12314.07
2020-08-19,1051.25
2020-08-20,1098.76
2020-08-21,-161.28
2020-08-24,437.77
2020-08-25,1062.24
2020-08-26,1753.67
2020-08-27,1654.09
2020-08-28,1432.59
2020-08-31,477.2
2020-09-01,-2357.94
2020-09-02,573.82
2020-09-03,1227.71
2020-09-04,-118.88
2020-09-07,-2807.31
2020-09-08,169.2
2020-09-09,-157.14
2020-09-10,-959.98
2020-09-11,920.16
2020-09-14,2457.77
2020-09-15,600.01
2020-09-16,1854.56
2020-09-17,495.4
2020-09-18,-131.25
2020-09-21,1823.94
2020-09-22,-283.4
2020-09-23,-1774.79
2020-09-24,-3882.05
2020-09-25,-1665.57
2020-09-28,-3225.11
2020-09-29,524.25
2020-09-30,-1065.93
2020-10-01,-265.28
2020-10-05,1862.02
2020-10-06,340.97
2020-10-07,1061.4
2020-10-08,1019.93
2020-10-09,1225.82
2020-10-12,-1254.66
2020-10-13,1766.32
2020-10-14,1876.03
2020-10-15,1149.13
2020-10-16,-293.08
2020-10-19,-8.54
2020-10-20,1990.63
2020-10-21,1831.24
2020-10-22,2114.58
2020-10-23,1225.46
2020-10-26,1070.94
2020-10-27,110.79
2020-10-28,3589.14
2020-10-29,-872.11
2020-11-02,-1405.95
2020-11-03,856.21
2020-11-04,1542.98
2020-11-05,167.45
2020-11-06,5403.11
2020-11-09,4883.99
2020-11-10,4426.03
2020-11-11,1423.32
2020-11-12,8580.01
2020-11-13,3559.05
2020-11-17,1730.94
2020-11-18,5618.74
2020-11-19,5403.75
2020-11-20,2188.16
2020-11-23,3899.98
2020-11-24,4889.55
2020-11-25,5526.21
2020-11-26,-1337.52
2020-11-27,3001.66
2020-12-01,9132.6
2020-12-02,3537.67
2020-12-03,163.73
2020-12-04,3685.73
2020-12-07,3160.01
2020-12-08,3414.42
2020-12-09,3122.59
2020-12-10,3653.13
2020-12-11,3513.12
2020-12-14,5037.42
2020-12-15,3477.27
2020-12-16,2310.93
2020-12-17,2016.43
2020-12-18,2633.36
2020-12-21,3840.64
2020-12-22,22.87
2020-12-23,3221.95
2020-12-24,699.46
2020-12-28,-503.29
2020-12-29,1701.67
2020-12-30,2411.26
2020-12-31,1762.71
2021-01-01,616.58
2021-01-04,1180.24
2021-01-05,2758.66
2021-01-06,-193.25
2021-01-07,-345.28
2021-01-08,802.51
2021-01-11,6011.5
2021-01-12,2939.88
2021-01-13,941.11
2021-01-14,2166.28
2021-01-15,1611.72
2021-01-18,-1052.86
2021-01-19,1951.51
2021-01-20,847.23
2021-01-21,2494.55
2021-01-22,1738.79
2021-01-25,-839.19
2021-01-27,296.77
2021-01-28,-673.16
2021-01-29,-3781.08
2021-02-01,-4344.23
2021-02-02,1848.56
2021-02-03,6809.23
2021-02-04,2681.29
2021-02-05,3797.76
2021-02-08,1412.08
2021-02-09,2172.59
2021-02-10,3307.3
2021-02-11,1884.41
2021-02-12,1023.63
2021-02-15,-1710.02
2021-02-16,1918.72
2021-02-17,2212.12
2021-02-18,1190.51
2021-02-22,931.7
2021-02-23,-493.35
2021-02-24,-345.21
2021-02-25,-300.47
2021-02-26,1790.14
2021-03-01,-8171.48
2021-03-02,849.41
2021-03-03,2649.35
2021-03-04,2433.27
2021-03-05,1358.4
2021-03-08,-1796.32
2021-03-09,-1202.22
2021-03-10,2670.75
2021-03-12,677.88
2021-03-15,3891.32
2021-03-16,-961.68
2021-03-17,7257.37
2021-03-18,3231.4
2021-03-19,1314.19
2021-03-22,606.22
2021-03-23,276.5
2021-03-24,-29.46
2021-03-25,-1609.77
2021-03-26,-2887.76
2021-03-30,395.01
2021-03-31,-470.42
2021-04-05,-1693.71
2021-04-06,-659.88
2021-04-07,-872.97
2021-04-08,402.69
2021-04-09,2083.51
2021-04-12,-607.71
2021-04-15,-2481.92
2021-04-16,-812.65
2021-04-19,-744.69
2021-04-20,-1654.14
2021-04-22,-728.17
2021-04-23,-904.49
2021-04-26,-1175.89
2021-04-27,-1055.38
2021-04-28,-1108.99
2021-04-29,913.04
2021-04-30,1442.21
2021-05-03,-3150.9
2021-05-04,-1670.02
2021-05-05,-1744.37
2021-05-06,-457.54
2021-05-07,1086.43
2021-05-10,-1201.44
2021-05-11,1168.73
2021-05-12,715.92
2021-05-14,-1173.66
2021-05-17,-2482.16
2021-05-18,-1357.24
2021-05-19,1139.76
2021-05-20,2532.89
2021-05-21,223.55
2021-05-24,332.41
2021-05-25,1122.97
2021-05-27,1494.88
2021-05-28,44.59
2021-05-31,420.86
2021-06-01,5163.36
2021-06-02,524.02
2021-06-03,1092.44
2021-06-04,1186.94
2021-06-07,1513.86
2021-06-08,160.5
2021-06-09,3839.01
2021-06-10,597.93
2021-06-11,1442.43
2021-06-14,104.96
2021-06-15,807.16
2021-06-16,679.77
2021-06-17,-886.26
2021-06-18,-913.71
2021-06-21,2632.28
2021-06-22,-955.29
2021-06-23,-679.57
2021-06-24,-247.77
2021-06-25,-780.23
2021-06-28,-179.07
2021-06-29,-1177.92
2021-06-30,3290.17
2021-07-01,-1120.02
2021-07-02,-114.41
2021-07-05,-2509.57
2021-07-06,438.89
2021-07-07,1035.81
2021-07-08,661.1
2021-07-09,-640.81
2021-07-12,-1003.51
2021-07-13,-490.7
2021-07-14,69.91
2021-07-15,-1224.53
2021-07-16,383.16
2021-07-19,-423.65
2021-07-20,-2278.56
2021-07-22,-2782.38
2021-07-23,4310.04
2021-07-26,-215.11
2021-07-27,-2219.91
2021-07-28,-558.18
2021-07-29,-2442.96
2021-07-30,-182.97
2021-08-02,-2557.88
2021-08-03,-1487.84
2021-08-04,2098.05
2021-08-05,3465.95
2021-08-06,-542.97
2021-08-09,158.02
2021-08-10,444.93
2021-08-11,-80.15
2021-08-12,297.12
2021-08-13,289.84
2021-08-17,-113.95
2021-08-18,1926.7
2021-08-20,1102.69
2021-08-23,517.22
2021-08-24,-1354.64
2021-08-25,-30.31
2021-08-26,-887.19
2021-08-27,-2259.82
2021-08-30,-617.29
2021-08-31,1714.46
2021-09-01,2813.01
2021-09-02,639.12
2021-09-03,1334.59
2021-09-06,-634.83
2021-09-07,419.94
2021-09-08,642.54
2021-09-09,-829.85
2021-09-13,1189.52
2021-09-14,1411.34
2021-09-15,1629.92
2021-09-16,832.61
2021-09-17,1839.47
2021-09-20,1795.78
2021-09-21,79.39
2021-09-22,1333.44
2021-09-23,-1575.32
2021-09-24,615.68
2021-09-27,570.45
2021-09-28,-419.32
2021-09-29,-1877.18
2021-09-30,1343.39
2021-10-01,-1992.37
2021-10-04,1594.9
2021-10-05,3232.1
2021-10-06,587.48
2021-10-07,-783.4
2021-10-08,-1108.4
2021-10-11,-2489.77
2021-10-12,-325.34
2021-10-13,254.83
2021-10-14,1255.91
2021-10-18,1478.66
2021-10-20,48.75
2021-10-21,-1669.07
2021-10-22,-2415.36
2021-10-25,-2784.74
2021-10-26,-1898.67
2021-10-27,-2280.39
2021-10-28,-1818.66
2021-10-29,-2436.13
2021-11-01,-5476.37
2021-11-02,-278.09
2021-11-03,1171.27
2021-11-08,-519.55
2021-11-09,-1044.45
2021-11-10,631.88
2021-11-11,-2942.39
2021-11-12,3763.62
2021-11-15,2447.82
2021-11-16,922.18
2021-11-17,14239.97
2021-11-18,1135.21
2021-11-22,2344.85
2021-11-23,-2109.73
2021-11-24,-4659.65
2021-11-25,-8054.0
2021-11-26,-172.09
2021-11-29,-3702.5
2021-11-30,-3643.08
2021-12-01,-5241.4
2021-12-02,-2757.21
2021-12-03,-301.53
2021-12-06,-2955.18
2021-12-07,-2989.72
2021-12-08,-2111.21
2021-12-09,946.81
2021-12-10,7947.55
2021-12-13,-923.36
2021-12-14,-1918.88
2021-12-15,-31.05
2021-12-16,-2651.23
2021-12-17,-483.52
2021-12-20,-840.0
2021-12-21,-3063.67
2021-12-22,-303.24
2021-12-23,-463.21
2021-12-24,314.84
2021-12-27,-232.84
2021-12-28,-718.58
2021-12-29,1629.79
2021-12-30,-746.76
2021-12-31,-1132.46
2022-01-03,634.39
2022-01-04,2316.59
2022-01-05,1356.55
2022-01-06,591.58
2022-01-07,-1697.04
2022-01-10,492.94
2022-01-11,-145.41
2022-01-12,403.31
2022-01-13,-725.47
2022-01-14,-1370.86
2022-01-17,-2574.65
2022-01-18,-243.6
2022-01-19,-596.69
2022-01-20,-2638.49
2022-01-21,-4594.48
2022-01-24,-3075.02
2022-01-25,-3899.19
2022-01-27,-6956.41
2022-01-28,-5521.0
2022-01-31,-5060.5
2022-02-01,-2037.18
2022-02-02,-95.73
2022-02-03,602.76
2022-02-04,-2096.47
2022-02-07,-5152.84
2022-02-08,972.21
2022-02-09,69.7
2022-02-10,-650.21
2022-02-11,-1692.63
2022-02-14,351.48
2022-02-15,-3144.31
2022-02-16,-1391.12
2022-02-17,-367.48
2022-02-18,-710.02
2022-02-21,-3057.99
2022-02-22,-774.27
2022-02-23,-2458.2
2022-02-24,-2838.28
2022-02-25,-6687.44
2022-02-28,-4433.96
2022-03-02,-4134.16
2022-03-03,-4055.93
2022-03-04,-6530.58
2022-03-07,-7498.62
2022-03-08,-7921.23
2022-03-09,-7296.41
2022-03-10,-4476.17
2022-03-11,744.71
2022-03-14,-1319.29
2022-03-15,971.88
2022-03-16,-1104.77
2022-03-17,541.37
2022-03-21,3119.77
2022-03-22,-2862.71
2022-03-23,724.75
2022-03-24,895.11
2022-03-25,-1347.33
2022-03-28,-1389.58
2022-03-29,-390.54
2022-03-30,-176.82
2022-03-31,2383.41
2022-04-04,8677.44
2022-04-05,1450.66
2022-04-06,3486.71
2022-04-07,-1412.91
2022-04-08,-4494.76
2022-04-11,-395.38
2022-04-12,-1463.51
2022-04-13,-2659.63
2022-04-18,-960.49
2022-04-19,-6483.04
2022-04-20,-5089.87
2022-04-21,-2339.61
2022-04-22,-602.06
2022-04-25,-1416.8
2022-04-26,-2644.0
2022-04-27,104.37
2022-04-28,-2790.76
2022-04-29,1889.89
2022-05-02,-3324.5
2022-05-04,1334.57
2022-05-05,-2867.25
2022-05-06,-1560.24
2022-05-09,-4618.05
2022-05-10,-2891.32
2022-05-11,-3476.07
2022-05-12,-3003.58
2022-05-13,-4809.89
2022-05-17,-3515.02
2022-05-18,-1662.42
2022-05-19,-900.69
2022-05-20,-3842.83
2022-05-23,1455.77
2022-05-24,-1284.66
2022-05-25,-1990.1
2022-05-26,-1617.06
2022-05-27,-564.29
2022-05-30,-3136.8
2022-05-31,2281.21
2022-06-01,-994.67
2022-06-02,-722.39
2022-06-03,-571.4
2022-06-06,-3694.87
2022-06-07,-1854.22
2022-06-08,-2241.94
2022-06-09,-2407.7
2022-06-10,-1400.99
2022-06-13,-3181.54
2022-06-14,-3566.08
2022-06-15,-4312.86
2022-06-16,-3358.16
2022-06-17,-3122.71
2022-06-20,-8952.72
2022-06-21,341.82
2022-06-22,-1177.23
2022-06-23,-2612.92
2022-06-24,-2010.39
2022-06-27,-2108.57
2022-06-28,-1091.79
2022-06-29,-852.66
2022-06-30,-308.82
2022-07-01,-260.79
2022-07-04,-2857.39
2022-07-05,-1433.67
2022-07-06,2133.01
2022-07-07,-795.5
2022-07-08,-881.79
2022-07-11,119.12
2022-07-12,359.16
2022-07-13,-1457.29
2022-07-14,-2720.55
2022-07-15,363.22
2022-07-18,-1634.52
2022-07-19,219.99
2022-07-20,1059.47
2022-07-21,7011.82
2022-07-22,1874.98
2022-07-25,-615.09
2022-07-26,-574.76
2022-07-27,-1277.72
2022-07-28,-94.0
2022-07-29,6451.09
2022-08-01,1470.17
2022-08-02,5346.9
2022-08-03,1662.52
2022-08-04,3967.58
2022-08-05,1728.12
2022-08-08,1999.91
2022-08-10,1573.51
2022-08-11,2454.99
2022-08-12,2248.85
2022-08-17,14263.35
2022-08-18,4308.13
2022-08-19,3457.21
2022-08-22,1532.0
2022-08-23,-346.34
2022-08-24,1057.65
2022-08-25,168.05
2022-08-26,2361.17
2022-08-29,-113.57
2022-08-30,2064.22
2022-09-01,4259.67
2022-09-02,-2296.99
2022-09-05,-1284.92
2022-09-06,263.62
2022-09-07,1704.81
2022-09-08,111.05
2022-09-09,2836.17
2022-09-12,2274.84
2022-09-13,1696.4
2022-09-14,4573.71
2022-09-15,-1374.66
2022-09-16,-679.49
2022-09-19,-3476.73
2022-09-20,732.25
2022-09-21,1804.05
2022-09-22,-278.5
2022-09-23,-2227.44
2022-09-26,-2600.04
2022-09-27,-4651.95
2022-09-28,-3039.94
2022-09-29,-2096.09
2022-09-30,-3873.48
2022-10-03,-1522.48
2022-10-04,1277.6
2022-10-06,1936.08
2022-10-07,749.29
2022-10-10,-3908.08
2022-10-11,-765.05
2022-10-12,-3761.17
2022-10-13,-357.26
2022-10-14,-1106.63
2022-10-17,-515.4
2022-10-18,-184.04
2022-10-19,858.06
2022-10-20,-380.63
2022-10-21,1687.32
2022-10-25,576.37
2022-10-27,331.05
2022-10-28,3498.91
2022-10-31,1577.77
2022-11-01,6916.41
2022-11-02,6193.21
2022-11-03,1391.63
2022-11-04,778.41
2022-11-07,1598.59
2022-11-09,1942.01
2022-11-10,546.42
2022-11-11,-387.68
2022-11-14,6916.11
2022-11-15,2993.34
2022-11-16,-126.12
2022-11-17,38.9
2022-11-18,1583.28
2022-11-21,272.21
2022-11-22,-1220.93
2022-11-23,-237.33
2022-11-24,-1802.54
2022-11-25,4234.36
2022-11-28,714.08
2022-11-29,2614.98
2022-11-30,1279.32
2022-12-01,8912.65
2022-12-02,-1475.18
2022-12-05,374.4
2022-12-06,-894.03
2022-12-07,-257.01
2022-12-08,-1382.17
2022-12-09,-779.05
2022-12-12,-97.99
2022-12-13,3615.23
2022-12-14,668.63
2022-12-15,331.32
2022-12-16,1538.33
2022-12-19,-737.43
2022-12-20,-137.57
2022-12-21,1218.24
2022-12-22,-499.45
2022-12-23,1158.46
2022-12-26,-877.76
2022-12-27,236.69
2022-12-28,161.57
2022-12-29,-427.73
2022-12-30,468.84
2023-01-02,-3560.05
2023-01-03,1661.53
2023-01-04,-256.28
2023-01-05,-2461.11
2023-01-06,-1256.41
2023-01-09,-2676.06
2023-01-10,57.41
2023-01-11,-1825.37
2023-01-12,-3404.91
2023-01-13,-1346.79
2023-01-16,-3739.49
2023-01-17,1570.73
2023-01-18,1358.7
2023-01-19,54.59
2023-01-20,587.9
2023-01-23,-1640.75
2023-01-24,224.23
2023-01-25,-114.28
2023-01-27,-256.5
2023-01-30,-6136.26
2023-01-31,-5692.85
2023-02-01,-4657.87
2023-02-02,2542.63
2023-02-03,-3637.69
2023-02-06,-249.91
2023-02-07,-1038.49
2023-02-08,-2206.82
2023-02-09,-456.38
2023-02-10,32.68
2023-02-13,1725.78
2023-02-14,1496.95
2023-02-15,1642.61
2023-02-16,771.03
2023-02-17,2029.46
2023-02-20,-744.54
2023-02-21,470.06
2023-02-22,1028.76
2023-02-23,-61.88
2023-02-24,-999.12
2023-02-27,-1353.06
2023-02-28,-1628.51
2023-03-01,-4642.6
2023-03-02,840.93
2023-03-03,12741.05
2023-03-06,236.84
2023-03-08,866.04
2023-03-09,3950.96
2023-03-10,-453.45
2023-03-13,-1764.36
2023-03-14,3008.62
2023-03-15,-2208.84
2023-03-16,-1246.69
2023-03-17,166.7
2023-03-20,-1698.69
2023-03-21,-1905.65
2023-03-23,-1044.33
2023-03-24,386.49
2023-03-27,-1456.74
2023-03-28,-622.75
2023-03-29,1946.85
2023-03-31,835.25
2023-04-03,2366.24
2023-04-05,558.14
2023-04-06,822.46
2023-04-10,454.26
2023-04-11,1383.46
2023-04-12,1030.46
2023-04-13,2151.92
2023-04-17,804.35
2023-04-18,422.01
2023-04-19,-552.03
2023-04-20,169.54
2023-04-21,-967.59
2023-04-24,-1693.76
2023-04-25,-336.03
2023-04-26,-361.98
2023-04-27,1443.53
2023-04-28,3935.84
2023-05-02,6468.84
2023-05-03,2991.73
2023-05-04,1389.42
2023-05-08,3852.61
2023-05-09,3162.52
2023-05-10,2000.78
2023-05-11,2295.56
2023-05-12,990.35
2023-05-15,1587.34
2023-05-16,1880.04
2023-05-17,1715.9
2023-05-18,805.79
2023-05-19,1804.64
2023-05-22,752.67
2023-05-23,1289.58
2023-05-24,319.38
2023-05-25,1497.86
2023-05-26,2511.68
2023-05-29,1789.66
2023-05-30,2290.42
2023-05-31,2441.34
2023-06-01,3837.49
2023-06-02,2651.98
2023-06-05,643.15
2023-06-06,-512.86
2023-06-07,1111.41
2023-06-08,1443.99
2023-06-09,612.92
2023-06-12,-133.06
2023-06-13,-594.43
2023-06-14,2200.33
2023-06-15,1862.82
2023-06-16,3282.01
2023-06-19,181.15
2023-06-20,1756.21
2023-06-21,5866.41
2023-06-22,5508.03
2023-06-23,946.28
2023-06-26,199.33
2023-06-27,-349.33
2023-06-28,1830.64
2023-06-30,14803.87
2023-07-03,11849.68
2023-07-04,2456.38
2023-07-05,2515.33
2023-07-06,2289.64
2023-07-07,2832.79
2023-07-10,870.68
2023-07-11,1059.33
2023-07-12,1469.15
2023-07-13,-333.6
2023-07-14,5650.65
2023-07-17,3278.87
2023-07-18,504.66
2023-07-19,2527.61
2023-07-20,2193.99
2023-07-21,4638.87
2023-07-24,-1405.07
2023-07-25,230.51
2023-07-26,2854.8
2023-07-27,1130.96
2023-07-28,-1249.82
2023-07-31,1252.35
2023-08-01,-774.18
2023-08-02,25.65
2023-08-03,-1501.84
2023-08-04,216.64
2023-08-07,66.39
2023-08-08,2251.98
2023-08-09,-58.45
2023-08-10,996.94
2023-08-11,2048.64
2023-08-14,-2534.61
2023-08-17,8643.48
2023-08-18,-986.97
2023-08-21,574.85
2023-08-22,-1277.22
2023-08-23,-108.75
2023-08-24,901.63
2023-08-25,2205.79
2023-08-28,-1706.33
2023-08-29,2476.01
2023-08-30,792.77
2023-08-31,9.86
2023-09-01,1258.56
2023-09-04,1778.0
2023-09-05,-2375.64
2023-09-06,-1311.57
2023-09-07,-2832.84
2023-09-08,-719.15
2023-09-11,-97.07
2023-09-12,1466.7
2023-09-13,-330.83
2023-09-14,-2293.06
2023-09-15,688.78
2023-09-18,300.84
2023-09-20,-745.58
2023-09-21,-3075.88
2023-09-22,-1875.38
2023-09-25,-1165.26
2023-09-26,-1386.62
2023-09-27,137.82
2023-09-28,-2189.32
2023-10-03,-2867.76
2023-10-04,-836.06
2023-10-05,-3956.74
2023-10-06,-337.42
2023-10-09,270.6
2023-10-10,772.83
2023-10-11,-904.21
2023-10-12,-178.27
2023-10-13,-1747.01
2023-10-16,381.53
2023-10-17,-392.85
2023-10-18,590.58
2023-10-19,-1989.61
2023-10-20,-951.93
2023-10-23,1801.6
2023-10-25,409.88
2023-10-26,-4025.21
2023-10-27,-6396.4
2023-10-30,-2493.88
2023-10-31,-1697.33
2023-11-01,-433.05
2023-11-02,-1790.88
2023-11-03,-1188.16
2023-11-06,-85.47
2023-11-07,359.87
2023-11-08,-312.49
2023-11-09,-893.02
2023-11-10,-1462.36
2023-11-13,5328.08
2023-11-15,-938.04
2023-11-16,1523.33
2023-11-17,1325.45
2023-11-20,-372.74
2023-11-21,-598.73
2023-11-22,-152.5
2023-11-23,-1364.76
2023-11-24,1433.66
2023-11-28,2522.82
2023-11-29,1786.47
2023-11-30,4313.3
2023-12-01,9744.03
2023-12-04,5717.47
2023-12-05,5501.97
2023-12-06,5795.2
2023-12-07,200.28
2023-12-08,-453.66
2023-12-11,3993.95
2023-12-12,871.91
2023-12-13,2588.08
2023-12-14,5300.35
2023-12-15,3473.78
2023-12-18,10237.19
2023-12-19,1786.51
2023-12-20,1859.92
2023-12-21,2007.33
2023-12-22,-1311.16
2023-12-26,-576.06
2023-12-27,537.51
2023-12-28,3203.24
2023-12-29,5656.82
2024-01-01,2107.64
2024-01-02,253.24
2024-01-03,1594.76
2024-01-04,-571.52
2024-01-05,1389.2
2024-01-08,1769.05
2024-01-09,285.0
2024-01-10,-537.06
2024-01-11,-1650.78
2024-01-12,-775.46
2024-01-15,-430.73
2024-01-16,2015.34
2024-01-17,1181.73
2024-01-18,-10482.64
2024-01-19,-9194.65
2024-01-23,-3553.9
2024-01-24,-2707.2
2024-01-25,-5426.4
2024-01-29,5069.88
2024-01-30,-4264.4
2024-01-31,-1814.65
2024-02-01,1740.15
2024-02-02,312.64
2024-02-05,228.48
2024-02-06,762.88
2024-02-07,-472.77
2024-02-08,-1601.32
2024-02-09,-4044.84
2024-02-12,330.32
2024-02-13,220.37
2024-02-14,233.61
2024-02-15,-2628.26
2024-02-16,1143.05
2024-02-20,172.68
2024-02-21,2973.5
2024-02-22,393.71
2024-02-23,-188.04
2024-02-26,1551.85
2024-02-27,-256.36
2024-02-28,2055.97
2024-02-29,-1388.74
2024-03-01,4201.31
2024-03-04,2171.14
2024-03-05,-12.03
2024-03-06,-221.35
2024-03-07,5684.37
2024-03-11,10588.61
2024-03-12,3945.51
2024-03-13,-115.6
2024-03-14,14582.35
2024-03-15,-114.24
2024-03-18,773.09
2024-03-19,-1166.67
2024-03-20,1351.07
2024-03-21,-2242.76
2024-03-22,-1326.96
2024-03-26,-3871.43
2024-03-27,-3170.59
2024-03-28,4042.5
2024-04-02,2355.23
2024-04-03,-447.29
2024-04-04,-1254.92
2024-04-05,-977.66
2024-04-08,1915.09
2024-04-10,8526.56
2024-04-12,3230.38
2024-04-15,-7939.77
2024-04-16,-3233.48
2024-04-18,-3264.73
2024-04-19,-4163.15
2024-04-22,772.77
2024-04-23,-2619.0
2024-04-24,-3458.12
2024-04-25,4227.19
2024-04-26,26.94
2024-04-29,-2372.84
2024-04-30,5.53
2024-05-02,1851.02
2024-05-03,-695.0
2024-05-06,-2138.05
2024-05-07,-1150.98
2024-05-08,-2942.98
2024-05-09,-5336.8
2024-05-10,-6669.92
2024-05-13,-1292.15
2024-05-14,-4392.53
2024-05-15,-2513.07
2024-05-16,-2338.84
2024-05-17,-622.33
2024-05-21,2180.71
2024-05-22,-1877.28
2024-05-24,5891.71
2024-05-27,-937.08
2024-05-28,696.16
2024-05-29,2134.54
2024-05-30,-4311.41
2024-05-31,-1122.05
2024-06-03,2177.66
2024-06-04,6847.12
2024-06-05,-12243.91
2024-06-06,-4804.39
2024-06-07,-6770.71
2024-06-10,5355.83
2024-06-11,2867.87
2024-06-12,57.02
2024-06-13,679.33
2024-06-14,2770.42
2024-06-18,3234.51
2024-06-19,1576.35
2024-06-20,9175.54
2024-06-21,1247.64
2024-06-24,1797.66
2024-06-25,860.42
2024-06-26,2464.98
2024-06-27,1513.23
2024-06-28,7757.97
2024-07-01,1553.37
2024-07-02,-494.08
2024-07-03,-2507.09
2024-07-04,3898.51
2024-07-05,5511.54
2024-07-08,3169.45
2024-07-09,161.67
2024-07-10,1528.18
2024-07-11,2183.95
2024-07-12,346.92
2024-07-15,5367.76
2024-07-16,3337.89
2024-07-18,1660.8
2024-07-19,5052.87
2024-07-22,1824.07
2024-07-23,8346.73
2024-07-24,-1548.64
2024-07-25,-3508.22
2024-07-26,-2197.78
2024-07-29,4269.26
2024-07-30,-2726.36
2024-07-31,-2865.96
2024-08-01,-2853.76
2024-08-02,1826.35
2024-08-05,-3367.22
2024-08-06,-3692.07
2024-08-07,-3024.79
2024-08-08,-2841.65
2024-08-09,521.65
2024-08-12,-1161.33
2024-08-13,-2811.08
2024-08-14,-1419.7
2024-08-16,-2377.62
2024-08-19,1196.49
2024-08-20,-1756.42
2024-08-21,4034.96
2024-08-22,-430.7
2024-08-23,1852.13
2024-08-26,3882.05
2024-08-27,969.41
2024-08-28,4794.61
2024-08-29,-547.83
2024-08-30,14526.64
2024-09-02,1503.96
2024-09-03,5759.81
2024-09-04,3035.79
2024-09-05,1585.93
2024-09-06,-904.19
2024-09-09,1942.9
2024-09-10,1134.37
2024-09-11,2962.44
2024-09-12,2869.62
2024-09-13,7971.7
2024-09-17,3045.76
2024-09-19,2380.95
2024-09-20,410.53
2024-09-23,15181.36
2024-09-24,2031.72
2024-09-25,-1454.09
2024-09-26,-636.66
2024-09-27,8537.58
2024-09-30,364.16
2024-10-01,-6426.84
2024-10-03,-5208.58
2024-10-04,-15506.75
2024-10-07,-9645.1
2024-10-08,-8126.7
2024-10-09,-5380.7
2024-10-10,-3679.26
2024-10-11,-4736.97
2024-10-14,-4031.4
2024-10-15,-3558.36
2024-10-16,-1533.83
2024-10-17,-2563.8
2024-10-18,-7302.99
2024-10-21,-5143.98
2024-10-22,10709.59
2024-10-23,-3827.33
2024-10-24,-4990.74
2024-10-25,-4836.55
2024-10-28,-3027.21
2024-10-29,-2109.2
2024-10-30,-892.63
2024-10-31,-2197.62
2024-11-04,-4343.53
2024-11-05,-4561.75
2024-11-06,-1739.29
2024-11-07,-3713.67
2024-11-08,-5635.45
2024-11-11,-3553.45
2024-11-12,-364.35
2024-11-13,2843.31
2024-11-14,-1352.13
2024-11-18,-1493.0
2024-11-19,-2028.21
2024-11-21,-1917.71
2024-11-22,1325.93
2024-11-25,1072.97
2024-11-26,9615.79
2024-11-27,3814.53
2024-11-28,-1048.89
2024-11-29,-8532.9
2024-12-02,-990.32
2024-12-03,3793.55
2024-12-04,9297.53
2024-12-05,2863.58
2024-12-06,9489.29
2024-12-09,-786.13
2024-12-10,599.78
2024-12-11,1867.12
2024-12-12,194.75
2024-12-13,-3563.53
2024-12-16,2936.51
2024-12-17,189.1
2024-12-18,-2386.74
2024-12-19,-922.34
2024-12-20,-793.19
2024-12-23,-1872.95
2024-12-24,155.4
2024-12-26,-1804.1
2024-12-27,-1592.2
2024-12-30,370.17
2024-12-31,-1598.78
2025-01-01,-5351.05
2025-01-02,-597.46
2025-01-03,1663.6
2025-01-06,-2874.85
2025-01-07,-3055.16
2025-01-08,-1220.16
2025-01-09,-3729.3
2025-01-10,-7029.38
2025-01-13,-1421.4
2025-01-14,-4276.46
2025-01-15,-7766.43
2025-01-16,-4396.93
2025-01-17,-4341.24
2025-01-20,-3627.11
2025-01-21,-3724.79
2025-01-22,-6327.9
2025-01-23,-3018.05
2025-01-24,-3061.48
2025-01-27,-2866.3
2025-01-28,-4514.16
2025-01-29,-2940.87
2025-01-30,-1796.22
2025-01-31,-1753.84
2025-02-03,-1.32
2025-02-04,-3628.0
2025-02-05,1029.43
2025-02-06,-1147.53
2025-02-07,-3594.36
2025-02-10,-472.69
2025-02-11,-2297.12
2025-02-12,-4089.26
2025-02-13,-4875.81
2025-02-14,-2195.6
2025-02-17,-5023.44
2025-02-18,-2122.76
2025-02-20,8216.28
2025-02-21,-3507.56
2025-02-24,-3431.23
2025-02-25,-5719.21
2025-02-27,-2833.92
2025-02-28,1119.75
2025-03-03,-12026.05
2025-03-04,-4662.53
2025-03-05,-3536.05
2025-03-06,-1889.48
2025-03-07,-2638.78
2025-03-10,-3214.76
2025-03-11,-497.92
2025-03-12,-139.15
2025-03-13,-1410.29
2025-03-17,-857.26
2025-03-18,-3707.3
2025-03-19,710.42
2025-03-20,-1031.36
2025-03-21,3181.57
2025-03-24,5263.22
2025-03-25,6205.5
2025-03-26,5698.74
2025-03-27,2457.91
2025-03-28,8120.96
2025-04-02,-6335.66
2025-04-03,-1060.32
2025-04-04,-2958.56
2025-04-07,-3128.15
2025-04-08,-8931.15
2025-04-09,-4673.87
2025-04-11,-4487.41
2025-04-15,-2351.99
2025-04-16,6798.27
2025-04-17,4026.02
2025-04-21,4317.31
2025-04-22,1749.56
2025-04-23,1965.18
2025-04-24,3967.25
2025-04-25,5425.58
2025-04-28,5040.37
2025-04-29,2509.65
2025-04-30,2351.23
2025-05-02,173.39
2025-05-05,2806.51
2025-05-06,1796.13
2025-05-07,4011.45
2025-05-08,2951.95
2025-05-09,2427.2
2025-05-13,-2388.23
2025-05-14,164.3
2025-05-15,930.55
2025-05-16,5746.53
2025-05-19,7483.41
2025-05-20,937.83
2025-05-21,-10041.38
2025-05-22,2272.24
2025-05-23,-5436.42
2025-05-26,593.93
2025-05-27,1586.48
2025-05-28,952.89
2025-05-29,4649.7
2025-05-30,-1758.23
2025-06-02,-5003.74
2025-06-03,-2105.51
2025-06-04,-3295.02
2025-06-05,1605.42
2025-06-06,49.41
2025-06-09,1265.0
2025-06-10,2412.1
2025-06-11,3077.89
2025-06-12,-131.4
2025-06-13,-3275.76
2025-06-16,-373.65
2025-06-17,-2647.46
2025-06-18,2788.27
2025-06-19,-597.59
2025-06-20,2040.0
2025-06-23,9471.58
2025-06-24,-1836.29
2025-06-25,-4336.58
2025-06-26,-854.15
2025-06-27,10662.98
2025-06-30,5674.78
2025-07-01,829.62
2025-07-02,1105.52
2025-07-03,-747.11
2025-07-04,-2608.57
2025-07-07,691.97
2025-07-08,2771.19
2025-07-09,284.23
2025-07-10,672.2
2025-07-11,839.75
2025-07-14,-4495.01
2025-07-15,-789.32
2025-07-16,-173.63
2025-07-17,-1040.59
2025-07-18,-2864.12
2025-07-21,781.85
2025-07-22,-1084.36
2025-07-23,4618.07
2025-07-24,-3299.28
2025-07-25,-1995.5
2025-07-28,-1419.44
2025-07-29,-5963.6
2025-07-30,-3692.35
2025-07-31,-162.1
2025-08-01,-6153.28
2025-08-04,-1445.44
2025-08-05,-1967.77
2025-08-06,1561.31
2025-08-07,-4398.51
2025-08-08,-5519.81
2025-08-11,2826.16
2025-08-12,-964.6
2025-08-13,-2648.54
2025-08-14,-2264.38
2025-08-18,-1208.35
2025-08-19,1015.64
2025-08-20,-12.27
2025-08-21,-297.77
2025-08-22,-562.34
2025-08-25,340.16
2025-08-26,-1555.13
2025-08-28,-5650.28
2025-08-29,-6088.23
2025-09-01,-8982.89
2025-09-02,-1652.11
2025-09-03,-937.05
2025-09-04,-684.88
2025-09-09,-176.03
2025-09-10,570.79
2025-09-11,4494.14
2025-09-12,-3413.59
2025-09-15,1022.64
2025-09-16,-336.45
2025-09-17,1645.65
2025-09-18,-280.13
2025-09-19,785.11
2025-09-22,1128.39
2025-09-23,-1971.7
2025-09-24,-2794.09
2025-09-25,-1867.85
2025-09-26,-4100.6
2025-09-29,-4979.28
2025-09-30,-1354.79
2025-10-01,-4026.06
2025-10-03,183.66
2025-10-06,-1584.48
2025-10-07,-1471.74
2025-10-08,1663.65
2025-10-09,737.82
2025-10-10,2406.54
2025-10-13,2743.33
2025-10-14,3555.35
2025-10-15,-576.82
2025-10-16,695.98
2025-10-17,2152.33
2025-10-20,882.21
2025-10-23,764.34
2025-10-24,-796.83
2025-10-27,566.97
2025-10-28,615.99
2025-10-29,9431.08
2025-10-30,-780.34
2025-10-31,-2552.67
2025-11-03,-7586.75
2025-11-04,-1932.18
2025-11-06,-326.17
2025-11-07,-2723.56
2025-11-10,7738.8
2025-11-11,-5034.61
2025-11-12,2181.36
2025-11-13,-461.98
2025-11-14,2053.04
2025-11-17,-4661.0
2025-11-18,3667.0
2025-11-19,-386.61
2025-11-20,3234.34
2025-11-21,449.83
2025-11-24,-1616.74
2025-11-25,-3850.87
2025-11-26,974.53
2025-11-27,5020.5
2025-11-28,-503.55
2025-12-01,-3489.27
2025-12-02,-846.04
2025-12-03,-4033.46
2025-12-04,-4752.4
2025-12-05,1301.07
2025-12-08,-16.48
2025-12-09,-86.97
2025-12-10,-2127.67
2025-12-11,-2052.8
2025-12-12,-1851.41
2025-12-15,134.78
2025-12-16,578.83
2025-12-17,-1424.96
2025-12-18,1658.07
2025-12-19,2824.0
2025-12-22,2167.34
2025-12-23,187.65
2025-12-24,-1347.67
2025-12-26,-1556.99
2025-12-29,-1672.33
2025-12-30,-2616.71
2025-12-31,-3587.1
2026-01-01,-4568.72
2026-01-02,-3039.52
2026-01-05,646.8
2026-01-06,737.37
2026-01-07,-16.44
2026-01-08,-1839.01
2026-01-09,-3709.81
2026-01-12,-3686.99
2026-01-13,-3108.35
2026-01-14,-429.85
2026-01-16,-3515.33
2026-01-19,-4542.94
2026-01-20,-2062.07
2026-01-21,-1210.45
2026-01-22,-988.7
2026-01-23,-2264.18
2026-01-27,-3213.11
2026-01-28,-4468.52
2026-01-29,5390.31
2026-01-30,-72.29
2026-02-02,1905.75
2026-02-03,-1117.42
2026-02-04,7561.44
2026-02-05,1091.9
2026-02-06,-1312.79
2026-02-09,3511.64
2026-02-10,3697.55
2026-02-11,320.31
2026-02-12,3112.85
2026-02-13,903.46
2026-02-16,-6092.61
2026-02-17,-214.38
2026-02-18,1620.09
2026-02-20,1923.76
2026-02-23,-244.93
2026-02-24,4397.25
2026-02-25,2887.62
2026-02-26,1092.59
2026-02-27,-2429.16
2026-03-02,-5467.47
2026-03-04,-2988.65
2026-03-05,-9113.42
2026-03-06,-3430.25
2026-03-09,-6349.1
2026-03-10,-6567.96
2026-03-11,-5499.83
2026-03-12,-5911.9
2026-03-13,-7375.05
2026-03-16,-10827.45
2026-03-17,-9406.78
2026-03-18,-4276.02
2026-03-20,-10965.74
2026-03-23,-5549.89
2026-03-24,-11299.42
2026-03-25,-7215.38
2026-03-27,-1565.63
2026-03-30,-3964.71
2026-04-02,-19837.23
2026-04-06,-9469.61
2026-04-07,-8636.75
2026-04-08,-6809.74
2026-04-09,-1395.55
2026-04-10,-2064.21
2026-04-13,1509.37
2026-04-15,-1435.44
2026-04-16,3098.97
2026-04-17,1621.38
2026-04-20,2068.84
2026-04-21,507.38
2026-04-22,595.21
2026-04-23,-1249.9
2026-04-24,-2469.67
2026-04-27,-8721.65
2026-04-28,-4188.34
2026-04-29,-1991.87
2026-04-30,-1978.63
2026-05-04,-8024.14
2026-05-05,2972.46
2026-05-06,-3419.48
2026-05-07,-5740.26
2026-05-08,-19.82
2026-05-11,-1381.03
2026-05-12,-7822.29
2026-05-13,-806.72
2026-05-14,-3918.6
2026-05-15,1111.53
2026-05-18,2219.43
2026-05-19,2168.78
2026-05-20,-3644.35
2026-05-21,-2278.61
2026-05-22,-1791.08
2026-05-25,-5259.31
2026-05-26,2194.68
2026-05-27,-1029.89
2026-05-29,1505.22
2026-06-01,-21949.48
2026-06-02,-3826.74
2026-06-03,-8009.03
2026-06-04,-5066.38
2026-06-05,-4075.06
2026-06-08,-8318.98
2026-06-09,-5138.69
2026-06-10,-3885.57
2026-06-11,-1437.52
2026-06-12,-1145.33
2026-06-15,-596.85
2026-06-16,1014.12
2026-06-17,2885.14
2026-06-18,886.08
2026-06-19,-1806.59
2026-06-22,5526.92
2026-06-23,332.34
2026-06-24,290.96
2026-06-25,1298.21
2026-06-29,1566.4
2026-06-30,2115.6
2026-07-01,-1780.99
2026-07-02,140.22
2026-07-03,2348.96
2026-07-06,2276.32
2026-07-07,848.33
2026-07-08,1570.71
2026-07-09,9488.75
2026-07-10,265.06
2026-07-13,3157.06
2026-07-14,-2521.1
2026-07-15,-233.91
2026-07-16,-482.06
2026-07-17,-3179.96
2026-07-20,-215.71
2026-07-21,1928.03
2026-07-22,3617.34
2026-07-23,326.19
2026-07-24,-2607.28
2026-07-27,-3428.15
2026-07-28,-1341.29
2026-07-29,-563.65
2026-07-30,5799.19
2026-07-31,4787.78
2026-08-03,1351.02
2026-08-04,1431.45
2026-08-05,9323.38
2026-08-06,349.0
2026-08-07,466.29
2026-08-10,1020.73
2026-08-11,3506.39
2026-08-12,-172.83
2026-08-13,-1005.68
2026-08-14,351.27
2026-08-17,4111.99
2026-08-18,-338.9
2026-08-19,2925.91
2026-08-20,495.44
2026-08-21,-271.82
2026-08-24,1974.45
2026-08-25,1667.85
2026-08-27,2857.96
2026-08-28,874.93
2026-08-31,-1288.2
2026-09-01,-5432.83
2026-09-02,1764.2
2026-09-03,-953.84
2026-09-04,-2820.66
2026-09-07,-6449.74
2026-09-08,1280.49
2026-09-09,727.34
2026-09-10,-1027.28
2026-09-11,-226.08
2026-09-15,-977.62
2026-09-16,-3105.76
2026-09-17,-587.81
2026-09-18,-3164.04
2026-09-21,4386.51
2026-09-22,-648.25
2026-09-23,-2593.45
2026-09-24,7219.93
2026-09-25,-4521.96
2026-09-28,-3563.88
2026-09-29,-4967.58
2026-09-30,-10198.25
2026-10-01,-9231.88
2026-10-05,-9281.52
2026-10-06,-4162.66
2026-10-07,-2449.84
2026-10-08,-6155.75
2026-10-09,-12884.07
